-- MariaDB dump 10.19  Distrib 10.4.32-MariaDB, for Win64 (AMD64)
--
-- Host: 127.0.0.1    Database: sahodaya_db
-- ------------------------------------------------------
-- Server version	10.4.32-MariaDB

/*!40101 SET @OLD_CHARACTER_SET_CLIENT=@@CHARACTER_SET_CLIENT */;
/*!40101 SET @OLD_CHARACTER_SET_RESULTS=@@CHARACTER_SET_RESULTS */;
/*!40101 SET @OLD_COLLATION_CONNECTION=@@COLLATION_CONNECTION */;
/*!40101 SET NAMES utf8mb4 */;
/*!40103 SET @OLD_TIME_ZONE=@@TIME_ZONE */;
/*!40103 SET TIME_ZONE='+00:00' */;
/*!40014 SET @OLD_UNIQUE_CHECKS=@@UNIQUE_CHECKS, UNIQUE_CHECKS=0 */;
/*!40014 SET @OLD_FOREIGN_KEY_CHECKS=@@FOREIGN_KEY_CHECKS, FOREIGN_KEY_CHECKS=0 */;
/*!40101 SET @OLD_SQL_MODE=@@SQL_MODE, SQL_MODE='NO_AUTO_VALUE_ON_ZERO' */;
/*!40111 SET @OLD_SQL_NOTES=@@SQL_NOTES, SQL_NOTES=0 */;

--
-- Current Database: `sahodaya_db`
--

CREATE DATABASE /*!32312 IF NOT EXISTS*/ `sahodaya_db` /*!40100 DEFAULT CHARACTER SET utf8mb4 COLLATE utf8mb4_unicode_ci */;

USE `sahodaya_db`;

--
-- Table structure for table `documents`
--

DROP TABLE IF EXISTS `documents`;
/*!40101 SET @saved_cs_client     = @@character_set_client */;
/*!40101 SET character_set_client = utf8 */;
CREATE TABLE `documents` (
  `id` int(10) unsigned NOT NULL AUTO_INCREMENT,
  `title` varchar(220) NOT NULL,
  `document_type` varchar(100) NOT NULL,
  `file_path` varchar(255) NOT NULL,
  `uploaded_by` int(10) unsigned DEFAULT NULL,
  `uploaded_at` date NOT NULL,
  PRIMARY KEY (`id`),
  KEY `uploaded_by` (`uploaded_by`),
  CONSTRAINT `documents_ibfk_1` FOREIGN KEY (`uploaded_by`) REFERENCES `users` (`id`) ON DELETE SET NULL
) ENGINE=InnoDB DEFAULT CHARSET=utf8mb4 COLLATE=utf8mb4_unicode_ci;
/*!40101 SET character_set_client = @saved_cs_client */;

--
-- Dumping data for table `documents`
--

LOCK TABLES `documents` WRITE;
/*!40000 ALTER TABLE `documents` DISABLE KEYS */;
INSERT INTO `documents` VALUES (1,'Membership Form','Form','#',1,'2026-05-10'),(2,'Annual Fee Guidelines','Payment','#',1,'2026-05-09'),(3,'Event Registration Format','Event','#',1,'2026-05-04');
/*!40000 ALTER TABLE `documents` ENABLE KEYS */;
UNLOCK TABLES;

--
-- Table structure for table `event_agm_meetings`
--

DROP TABLE IF EXISTS `event_agm_meetings`;
/*!40101 SET @saved_cs_client     = @@character_set_client */;
/*!40101 SET character_set_client = utf8 */;
CREATE TABLE `event_agm_meetings` (
  `id` int(10) unsigned NOT NULL AUTO_INCREMENT,
  `meeting_date` date NOT NULL,
  `event_title` varchar(180) NOT NULL DEFAULT 'AGM',
  `venue` varchar(220) NOT NULL,
  `sort_order` int(11) NOT NULL DEFAULT 0,
  `status` enum('active','inactive') NOT NULL DEFAULT 'active',
  `created_at` timestamp NOT NULL DEFAULT current_timestamp(),
  `updated_at` timestamp NOT NULL DEFAULT current_timestamp() ON UPDATE current_timestamp(),
  PRIMARY KEY (`id`)
) ENGINE=InnoDB DEFAULT CHARSET=utf8mb4 COLLATE=utf8mb4_unicode_ci;
/*!40101 SET character_set_client = @saved_cs_client */;

--
-- Dumping data for table `event_agm_meetings`
--

LOCK TABLES `event_agm_meetings` WRITE;
/*!40000 ALTER TABLE `event_agm_meetings` DISABLE KEYS */;
INSERT INTO `event_agm_meetings` VALUES (1,'2026-05-25','AGM','Trinity International School',10,'active','2026-05-25 12:21:42','2026-05-25 12:21:42'),(2,'2026-08-07','AGM','S M Joshi Vidyalaya',20,'active','2026-05-25 12:21:42','2026-05-25 12:21:42'),(3,'2026-10-01','AGM','Akshara International School & Junior College',30,'active','2026-05-25 12:21:42','2026-05-25 12:21:42'),(4,'2027-01-09','AGM','Vishwakalyan School',40,'active','2026-05-25 12:21:42','2026-05-25 12:21:42');
/*!40000 ALTER TABLE `event_agm_meetings` ENABLE KEYS */;
UNLOCK TABLES;

--
-- Table structure for table `event_competitions`
--

DROP TABLE IF EXISTS `event_competitions`;
/*!40101 SET @saved_cs_client     = @@character_set_client */;
/*!40101 SET character_set_client = utf8 */;
CREATE TABLE `event_competitions` (
  `id` int(10) unsigned NOT NULL AUTO_INCREMENT,
  `title` varchar(220) NOT NULL,
  `status_note` varchar(220) DEFAULT NULL,
  `sort_order` int(11) NOT NULL DEFAULT 0,
  `status` enum('active','inactive') NOT NULL DEFAULT 'active',
  `created_at` timestamp NOT NULL DEFAULT current_timestamp(),
  `updated_at` timestamp NOT NULL DEFAULT current_timestamp() ON UPDATE current_timestamp(),
  PRIMARY KEY (`id`)
) ENGINE=InnoDB DEFAULT CHARSET=utf8mb4 COLLATE=utf8mb4_unicode_ci;
/*!40101 SET character_set_client = @saved_cs_client */;

--
-- Dumping data for table `event_competitions`
--

LOCK TABLES `event_competitions` WRITE;
/*!40000 ALTER TABLE `event_competitions` DISABLE KEYS */;
INSERT INTO `event_competitions` VALUES (1,'Robotics Competition','Dates will be announced soon.',10,'active','2026-05-25 12:21:42','2026-05-25 12:21:42'),(2,'Entrepreneurship Competition & Workshops for School Students','Dates will be announced soon.',20,'active','2026-05-25 12:21:42','2026-05-25 12:21:42'),(3,'Online Poem Writing Competition','Dates will be announced soon.',30,'active','2026-05-25 12:21:42','2026-05-25 12:21:42'),(4,'CBSE Regional Adolescent Summit - Pune','Dates will be announced soon.',40,'active','2026-05-25 12:21:42','2026-05-25 12:21:42'),(5,'21st Century Skills Quiz Competition','Dates will be announced soon.',50,'active','2026-05-25 12:21:42','2026-05-25 12:21:42');
/*!40000 ALTER TABLE `event_competitions` ENABLE KEYS */;
UNLOCK TABLES;

--
-- Table structure for table `event_faqs`
--

DROP TABLE IF EXISTS `event_faqs`;
/*!40101 SET @saved_cs_client     = @@character_set_client */;
/*!40101 SET character_set_client = utf8 */;
CREATE TABLE `event_faqs` (
  `id` int(10) unsigned NOT NULL AUTO_INCREMENT,
  `question` varchar(255) NOT NULL,
  `answer` text NOT NULL,
  `sort_order` int(11) NOT NULL DEFAULT 0,
  `status` enum('active','inactive') NOT NULL DEFAULT 'active',
  `created_at` timestamp NOT NULL DEFAULT current_timestamp(),
  `updated_at` timestamp NOT NULL DEFAULT current_timestamp() ON UPDATE current_timestamp(),
  PRIMARY KEY (`id`)
) ENGINE=InnoDB DEFAULT CHARSET=utf8mb4 COLLATE=utf8mb4_unicode_ci;
/*!40101 SET character_set_client = @saved_cs_client */;

--
-- Dumping data for table `event_faqs`
--

LOCK TABLES `event_faqs` WRITE;
/*!40000 ALTER TABLE `event_faqs` DISABLE KEYS */;
INSERT INTO `event_faqs` VALUES (1,'How can a school register to become a member of Pune Sahodaya School Complex?','The school should be affiliated with the Central Board of Secondary Education and must have a valid CBSE Affiliation Number while registering. Visit the Members section on the homepage, select Register, fill in all required details, and click Submit.',10,'active','2026-05-25 12:21:42','2026-05-25 12:21:42'),(2,'Will the school automatically become a member after submitting the registration form?','No. Membership is confirmed after the registration form is completed, membership fees are paid through Demand Draft or NEFT, the PSSC Committee reviews and approves the registration, and a unique PSSC Code is issued for future correspondence.',20,'active','2026-05-25 12:21:42','2026-05-25 12:21:42'),(3,'Can members update content or post photos in the photo gallery?','Members need to send the content or photographs via email to sahodayapune24@gmail.com. The Committee reserves the right to approve and publish any content or photographs on the website.',30,'active','2026-05-25 12:21:42','2026-05-25 12:21:42'),(4,'What are the advantages of joining PSSC?','Benefits include sharing ideas and best practices, common timetables and question papers for Classes IX, X, and XII, Principal and Teacher Workshops, CBSE-sponsored workshops, literary and cultural festivals, and sports festivals.',40,'active','2026-05-25 12:21:42','2026-05-25 12:21:42'),(5,'What is the procedure for a member school to share an event organized by their school?','Send a circular with complete details of the proposed event to the PSSC Chairman and email it to sahodayapune24@gmail.com. Approved events are published under Events - Sahodaya Events along with the e-invite.',50,'active','2026-05-25 12:21:42','2026-05-25 12:21:42'),(6,'Who can attend the workshops and training programs organized by PSSC?','Principals, Vice-Principals, Coordinators, Teachers, Counselors, and Students from member schools can participate in workshops, seminars, competitions, and training programs organized by PSSC.',60,'active','2026-05-25 12:21:42','2026-05-25 12:21:42'),(7,'How will schools receive information about upcoming events and workshops?','Official circulars, workshop details, event notifications, and competition updates are shared through the PSSC website, official email communication, and WhatsApp groups for member schools.',70,'active','2026-05-25 12:21:42','2026-05-25 12:21:42'),(8,'Can non-member schools participate in PSSC events?','Participation in most PSSC activities is primarily reserved for member schools. Selected workshops or conferences may allow non-member participation based on availability and committee approval.',80,'active','2026-05-25 12:21:42','2026-05-25 12:21:42'),(9,'Is there a membership fee for joining PSSC?','Yes. Schools are required to pay the prescribed membership fee through approved payment methods such as NEFT or Demand Draft. Fee details are communicated during the registration process.',90,'active','2026-05-25 12:21:42','2026-05-25 12:21:42'),(10,'How can schools contact the PSSC Committee for support or clarification?','Schools may contact the committee through the official email ID sahodayapune24@gmail.com. Queries related to membership, workshops, competitions, events, and website updates can be addressed through email communication.',100,'active','2026-05-25 12:21:42','2026-05-25 12:21:42'),(11,'Can member schools host PSSC events or workshops?','Yes. Member schools interested in hosting workshops, competitions, cultural events, or meetings may send a proposal to the PSSC Committee for review and approval.',110,'active','2026-05-25 12:21:42','2026-05-25 12:21:42'),(12,'Are certificates provided for workshops and competitions?','Yes. Participation certificates, appreciation certificates, and merit certificates are provided for eligible workshops, training sessions, and competitions organized by PSSC.',120,'active','2026-05-25 12:21:42','2026-05-25 12:21:42'),(13,'How can schools update their contact details or Principal information?','Schools should send an official request from the registered school email ID to the PSSC email address with updated details and supporting information.',130,'active','2026-05-25 12:21:42','2026-05-25 12:21:42'),(14,'What types of competitions are organized by PSSC?','PSSC organizes literary competitions, cultural events, sports tournaments, STEM and robotics competitions, quiz competitions, art and craft activities, and entrepreneurship programs.',140,'active','2026-05-25 12:21:42','2026-05-25 12:21:42'),(15,'Does PSSC organize CBSE-related orientation programs?','Yes. PSSC regularly conducts orientation sessions and capacity-building programs aligned with Central Board of Secondary Education guidelines for teachers and school leaders.',150,'active','2026-05-25 12:21:42','2026-05-25 12:21:42'),(16,'Can schools suggest new activities or initiatives to PSSC?','Yes. Member schools are encouraged to share innovative ideas, collaborative programs, and suggestions with the PSSC Committee for consideration and implementation.',160,'active','2026-05-25 12:21:42','2026-05-25 12:21:42'),(17,'How are event registrations completed?','Registration links and participation details are shared through official circulars. Schools are requested to complete registration before the deadline mentioned in the event circular.',170,'active','2026-05-25 12:21:42','2026-05-25 12:21:42'),(18,'What happens if a school changes its management or Principal?','The school must officially inform the PSSC Committee regarding changes in management, Principal, or authorized coordinators to ensure smooth communication and record updates.',180,'active','2026-05-25 12:21:42','2026-05-25 12:21:42'),(19,'Are networking opportunities available through PSSC?','Yes. PSSC provides a collaborative platform where educators and school leaders can exchange ideas, share best practices, and build professional connections.',190,'active','2026-05-25 12:21:42','2026-05-25 12:21:42'),(20,'Does PSSC support student leadership and innovation initiatives?','Yes. PSSC encourages student participation in leadership programs, innovation projects, entrepreneurship activities, and collaborative learning initiatives across member schools.',200,'active','2026-05-25 12:21:42','2026-05-25 12:21:42');
/*!40000 ALTER TABLE `event_faqs` ENABLE KEYS */;
UNLOCK TABLES;

--
-- Table structure for table `event_registrations`
--

DROP TABLE IF EXISTS `event_registrations`;
/*!40101 SET @saved_cs_client     = @@character_set_client */;
/*!40101 SET character_set_client = utf8 */;
CREATE TABLE `event_registrations` (
  `id` int(10) unsigned NOT NULL AUTO_INCREMENT,
  `event_id` int(10) unsigned NOT NULL,
  `user_id` int(10) unsigned DEFAULT NULL,
  `school_id` int(10) unsigned DEFAULT NULL,
  `participant_name` varchar(150) NOT NULL,
  `participant_type` enum('school','teacher','student','guest') NOT NULL DEFAULT 'student',
  `payment_status` enum('pending','paid','failed') NOT NULL DEFAULT 'pending',
  `registered_at` timestamp NOT NULL DEFAULT current_timestamp(),
  PRIMARY KEY (`id`),
  KEY `event_id` (`event_id`),
  KEY `user_id` (`user_id`),
  KEY `school_id` (`school_id`),
  CONSTRAINT `event_registrations_ibfk_1` FOREIGN KEY (`event_id`) REFERENCES `events` (`id`) ON DELETE CASCADE,
  CONSTRAINT `event_registrations_ibfk_2` FOREIGN KEY (`user_id`) REFERENCES `users` (`id`) ON DELETE SET NULL,
  CONSTRAINT `event_registrations_ibfk_3` FOREIGN KEY (`school_id`) REFERENCES `schools` (`id`) ON DELETE SET NULL
) ENGINE=InnoDB DEFAULT CHARSET=utf8mb4 COLLATE=utf8mb4_unicode_ci;
/*!40101 SET character_set_client = @saved_cs_client */;

--
-- Dumping data for table `event_registrations`
--

LOCK TABLES `event_registrations` WRITE;
/*!40000 ALTER TABLE `event_registrations` DISABLE KEYS */;
/*!40000 ALTER TABLE `event_registrations` ENABLE KEYS */;
UNLOCK TABLES;

--
-- Table structure for table `events`
--

DROP TABLE IF EXISTS `events`;
/*!40101 SET @saved_cs_client     = @@character_set_client */;
/*!40101 SET character_set_client = utf8 */;
CREATE TABLE `events` (
  `id` int(10) unsigned NOT NULL AUTO_INCREMENT,
  `title` varchar(220) NOT NULL,
  `event_date` date NOT NULL,
  `venue` varchar(180) DEFAULT NULL,
  `fee` decimal(10,2) NOT NULL DEFAULT 0.00,
  `description` text DEFAULT NULL,
  `status` enum('draft','published','closed') NOT NULL DEFAULT 'draft',
  `created_by` int(10) unsigned DEFAULT NULL,
  `created_at` timestamp NOT NULL DEFAULT current_timestamp(),
  PRIMARY KEY (`id`),
  KEY `created_by` (`created_by`),
  CONSTRAINT `events_ibfk_1` FOREIGN KEY (`created_by`) REFERENCES `users` (`id`) ON DELETE SET NULL
) ENGINE=InnoDB DEFAULT CHARSET=utf8mb4 COLLATE=utf8mb4_unicode_ci;
/*!40101 SET character_set_client = @saved_cs_client */;

--
-- Dumping data for table `events`
--

LOCK TABLES `events` WRITE;
/*!40000 ALTER TABLE `events` DISABLE KEYS */;
INSERT INTO `events` VALUES (1,'Principals Leadership Meet','2026-06-12','Central Auditorium',1000.00,'Collaborative session for academic planning and school leadership.','published',1,'2026-05-22 08:26:23'),(2,'Teacher Training Workshop','2026-07-05','Member School Campus',500.00,'Professional development workshop for classroom innovation.','published',1,'2026-05-22 08:26:23'),(3,'Inter School Cultural Fest','2026-08-18','City Convention Hall',750.00,'Student participation event with registration and fee tracking.','published',1,'2026-05-22 08:26:23');
/*!40000 ALTER TABLE `events` ENABLE KEYS */;
UNLOCK TABLES;

--
-- Table structure for table `membership_applications`
--

DROP TABLE IF EXISTS `membership_applications`;
/*!40101 SET @saved_cs_client     = @@character_set_client */;
/*!40101 SET character_set_client = utf8 */;
CREATE TABLE `membership_applications` (
  `id` int(10) unsigned NOT NULL AUTO_INCREMENT,
  `school_id` int(10) unsigned NOT NULL,
  `user_id` int(10) unsigned DEFAULT NULL,
  `payment_id` int(10) unsigned DEFAULT NULL,
  `member_type` enum('new','renewal') NOT NULL DEFAULT 'new',
  `amount` decimal(10,2) NOT NULL DEFAULT 0.00,
  `status` enum('pending','approved','rejected') NOT NULL DEFAULT 'pending',
  `admin_notes` text DEFAULT NULL,
  `created_at` timestamp NOT NULL DEFAULT current_timestamp(),
  `reviewed_at` timestamp NULL DEFAULT NULL,
  PRIMARY KEY (`id`),
  KEY `school_id` (`school_id`),
  KEY `user_id` (`user_id`),
  KEY `payment_id` (`payment_id`),
  CONSTRAINT `membership_applications_ibfk_1` FOREIGN KEY (`school_id`) REFERENCES `schools` (`id`) ON DELETE CASCADE,
  CONSTRAINT `membership_applications_ibfk_2` FOREIGN KEY (`user_id`) REFERENCES `users` (`id`) ON DELETE SET NULL,
  CONSTRAINT `membership_applications_ibfk_3` FOREIGN KEY (`payment_id`) REFERENCES `payments` (`id`) ON DELETE SET NULL
) ENGINE=InnoDB DEFAULT CHARSET=utf8mb4 COLLATE=utf8mb4_unicode_ci;
/*!40101 SET character_set_client = @saved_cs_client */;

--
-- Dumping data for table `membership_applications`
--

LOCK TABLES `membership_applications` WRITE;
/*!40000 ALTER TABLE `membership_applications` DISABLE KEYS */;
INSERT INTO `membership_applications` VALUES (1,4,3,3,'new',5300.00,'approved','','2026-05-22 08:36:14','2026-05-22 08:36:33'),(2,5,4,4,'renewal',3000.00,'approved','Imported from Zone 1 / Zone 2 Excel','2026-05-22 12:09:22','2026-05-22 12:09:22'),(3,6,5,5,'renewal',3000.00,'approved','Imported from Zone 1 / Zone 2 Excel','2026-05-22 12:09:22','2026-05-22 12:09:22'),(4,7,6,6,'renewal',3000.00,'approved','Imported from Zone 1 / Zone 2 Excel','2026-05-22 12:09:22','2026-05-22 12:09:22'),(5,8,7,7,'renewal',3000.00,'approved','Imported from Zone 1 / Zone 2 Excel','2026-05-22 12:09:22','2026-05-22 12:09:22'),(6,9,8,8,'renewal',3000.00,'approved','Imported from Zone 1 / Zone 2 Excel','2026-05-22 12:09:22','2026-05-22 12:09:22'),(7,10,9,9,'renewal',3000.00,'approved','Imported from Zone 1 / Zone 2 Excel','2026-05-22 12:09:22','2026-05-22 12:09:22'),(8,11,10,10,'renewal',3000.00,'approved','Imported from Zone 1 / Zone 2 Excel','2026-05-22 12:09:22','2026-05-22 12:09:22'),(9,12,11,11,'renewal',3000.00,'approved','Imported from Zone 1 / Zone 2 Excel','2026-05-22 12:09:22','2026-05-22 12:09:22'),(10,13,12,12,'renewal',3000.00,'approved','Imported from Zone 1 / Zone 2 Excel','2026-05-22 12:09:22','2026-05-22 12:09:22'),(11,14,13,13,'renewal',3000.00,'approved','Imported from Zone 1 / Zone 2 Excel','2026-05-22 12:09:22','2026-05-22 12:09:22'),(12,15,14,14,'renewal',3000.00,'approved','Imported from Zone 1 / Zone 2 Excel','2026-05-22 12:09:22','2026-05-22 12:09:22'),(13,16,15,15,'renewal',3000.00,'approved','Imported from Zone 1 / Zone 2 Excel','2026-05-22 12:09:22','2026-05-22 12:09:22'),(14,17,16,16,'renewal',3000.00,'approved','Imported from Zone 1 / Zone 2 Excel','2026-05-22 12:09:22','2026-05-22 12:09:22'),(15,18,17,17,'renewal',3000.00,'approved','Imported from Zone 1 / Zone 2 Excel','2026-05-22 12:09:22','2026-05-22 12:09:22'),(16,19,18,18,'renewal',3000.00,'approved','Imported from Zone 1 / Zone 2 Excel','2026-05-22 12:09:22','2026-05-22 12:09:22'),(17,20,19,19,'renewal',3000.00,'approved','Imported from Zone 1 / Zone 2 Excel','2026-05-22 12:09:22','2026-05-22 12:09:22'),(18,21,20,20,'renewal',3000.00,'approved','Imported from Zone 1 / Zone 2 Excel','2026-05-22 12:09:22','2026-05-22 12:09:22'),(19,22,21,21,'renewal',3000.00,'approved','Imported from Zone 1 / Zone 2 Excel','2026-05-22 12:09:22','2026-05-22 12:09:22'),(20,23,22,22,'renewal',3000.00,'approved','Imported from Zone 1 / Zone 2 Excel','2026-05-22 12:09:22','2026-05-22 12:09:22'),(21,24,23,23,'renewal',3000.00,'approved','Imported from Zone 1 / Zone 2 Excel','2026-05-22 12:09:22','2026-05-22 12:09:22'),(22,25,24,24,'renewal',3000.00,'approved','Imported from Zone 1 / Zone 2 Excel','2026-05-22 12:09:22','2026-05-22 12:09:22'),(23,26,25,25,'renewal',3000.00,'approved','Imported from Zone 1 / Zone 2 Excel','2026-05-22 12:09:22','2026-05-22 12:09:22'),(24,27,26,26,'renewal',3000.00,'approved','Imported from Zone 1 / Zone 2 Excel','2026-05-22 12:09:22','2026-05-22 12:09:22'),(25,28,29,27,'renewal',3000.00,'approved','Imported from Zone 1 / Zone 2 Excel','2026-05-22 12:09:22','2026-05-22 12:09:22'),(26,29,28,28,'renewal',3000.00,'approved','Imported from Zone 1 / Zone 2 Excel','2026-05-22 12:09:22','2026-05-22 12:09:22'),(27,30,30,29,'renewal',3000.00,'approved','Imported from Zone 1 / Zone 2 Excel','2026-05-22 12:09:22','2026-05-22 12:09:22'),(28,31,31,30,'renewal',3000.00,'approved','Imported from Zone 1 / Zone 2 Excel','2026-05-22 12:09:22','2026-05-22 12:09:22'),(29,32,32,31,'renewal',3000.00,'approved','Imported from Zone 1 / Zone 2 Excel','2026-05-22 12:09:22','2026-05-22 12:09:22'),(30,33,33,32,'renewal',3000.00,'approved','Imported from Zone 1 / Zone 2 Excel','2026-05-22 12:09:22','2026-05-22 12:09:22'),(31,34,34,33,'renewal',3000.00,'approved','Imported from Zone 1 / Zone 2 Excel','2026-05-22 12:09:22','2026-05-22 12:09:22'),(32,35,35,34,'renewal',3000.00,'approved','Imported from Zone 1 / Zone 2 Excel','2026-05-22 12:09:22','2026-05-22 12:09:22'),(33,36,36,35,'renewal',3000.00,'approved','Imported from Zone 1 / Zone 2 Excel','2026-05-22 12:09:22','2026-05-22 12:09:22'),(34,37,37,36,'renewal',3000.00,'approved','Imported from Zone 1 / Zone 2 Excel','2026-05-22 12:09:22','2026-05-22 12:09:22'),(35,38,38,37,'renewal',3000.00,'approved','Imported from Zone 1 / Zone 2 Excel','2026-05-22 12:09:22','2026-05-22 12:09:22'),(36,39,39,38,'renewal',3000.00,'approved','Imported from Zone 1 / Zone 2 Excel','2026-05-22 12:09:22','2026-05-22 12:09:22'),(37,40,40,39,'renewal',3000.00,'approved','Imported from Zone 1 / Zone 2 Excel','2026-05-22 12:09:22','2026-05-22 12:09:22'),(38,41,41,40,'renewal',3000.00,'approved','Imported from Zone 1 / Zone 2 Excel','2026-05-22 12:09:22','2026-05-22 12:09:22'),(39,42,42,41,'renewal',3000.00,'approved','Imported from Zone 1 / Zone 2 Excel','2026-05-22 12:09:22','2026-05-22 12:09:22'),(40,43,43,42,'renewal',3000.00,'approved','Imported from Zone 1 / Zone 2 Excel','2026-05-22 12:09:22','2026-05-22 12:09:22'),(41,44,44,43,'renewal',3000.00,'approved','Imported from Zone 1 / Zone 2 Excel','2026-05-22 12:09:22','2026-05-22 12:09:22'),(42,45,45,44,'renewal',3000.00,'approved','Imported from Zone 1 / Zone 2 Excel','2026-05-22 12:09:22','2026-05-22 12:09:22'),(43,46,46,45,'renewal',3000.00,'approved','Imported from Zone 1 / Zone 2 Excel','2026-05-22 12:09:22','2026-05-22 12:09:22'),(44,47,47,46,'renewal',3000.00,'approved','Imported from Zone 1 / Zone 2 Excel','2026-05-22 12:09:22','2026-05-22 12:09:22'),(45,48,48,47,'renewal',3000.00,'approved','Imported from Zone 1 / Zone 2 Excel','2026-05-22 12:09:22','2026-05-22 12:09:22'),(46,49,49,48,'renewal',3000.00,'approved','Imported from Zone 1 / Zone 2 Excel','2026-05-22 12:09:22','2026-05-22 12:09:22'),(47,50,50,49,'renewal',3000.00,'approved','Imported from Zone 1 / Zone 2 Excel','2026-05-22 12:09:22','2026-05-22 12:09:22'),(48,51,51,50,'renewal',3000.00,'approved','Imported from Zone 1 / Zone 2 Excel','2026-05-22 12:09:22','2026-05-22 12:09:22'),(49,52,52,51,'renewal',3000.00,'approved','Imported from Zone 1 / Zone 2 Excel','2026-05-22 12:09:22','2026-05-22 12:09:22'),(50,53,53,52,'renewal',3000.00,'approved','Imported from Zone 1 / Zone 2 Excel','2026-05-22 12:09:22','2026-05-22 12:09:22'),(51,54,54,53,'renewal',3000.00,'approved','Imported from Zone 1 / Zone 2 Excel','2026-05-22 12:09:22','2026-05-22 12:09:22'),(52,55,55,54,'renewal',3000.00,'approved','Imported from Zone 1 / Zone 2 Excel','2026-05-22 12:09:22','2026-05-22 12:09:22'),(53,56,56,55,'renewal',3000.00,'approved','Imported from Zone 1 / Zone 2 Excel','2026-05-22 12:09:22','2026-05-22 12:09:22'),(54,57,57,56,'renewal',3000.00,'approved','Imported from Zone 1 / Zone 2 Excel','2026-05-22 12:09:22','2026-05-22 12:09:22'),(55,58,58,57,'renewal',3000.00,'approved','Imported from Zone 1 / Zone 2 Excel','2026-05-22 12:09:22','2026-05-22 12:09:22'),(56,59,59,58,'renewal',3000.00,'approved','Imported from Zone 1 / Zone 2 Excel','2026-05-22 12:09:22','2026-05-22 12:09:22'),(57,60,60,59,'renewal',3000.00,'approved','Imported from Zone 1 / Zone 2 Excel','2026-05-22 12:09:22','2026-05-22 12:09:22'),(58,61,61,60,'renewal',3000.00,'approved','Imported from Zone 1 / Zone 2 Excel','2026-05-22 12:09:22','2026-05-22 12:09:22'),(59,62,62,61,'renewal',3000.00,'approved','Imported from Zone 1 / Zone 2 Excel','2026-05-22 12:09:22','2026-05-22 12:09:22'),(60,63,63,62,'renewal',3000.00,'approved','Imported from Zone 1 / Zone 2 Excel','2026-05-22 12:09:22','2026-05-22 12:09:22'),(61,64,64,63,'renewal',3000.00,'approved','Imported from Zone 1 / Zone 2 Excel','2026-05-22 12:09:22','2026-05-22 12:09:22'),(62,65,85,64,'renewal',3000.00,'approved','Imported from Zone 1 / Zone 2 Excel','2026-05-22 12:09:22','2026-05-22 12:09:22'),(63,66,66,65,'renewal',3000.00,'approved','Imported from Zone 1 / Zone 2 Excel','2026-05-22 12:09:22','2026-05-22 12:09:22'),(64,67,67,66,'renewal',3000.00,'approved','Imported from Zone 1 / Zone 2 Excel','2026-05-22 12:09:22','2026-05-22 12:09:22'),(65,68,68,67,'renewal',3000.00,'approved','Imported from Zone 1 / Zone 2 Excel','2026-05-22 12:09:22','2026-05-22 12:09:22'),(66,69,69,68,'renewal',3000.00,'approved','Imported from Zone 1 / Zone 2 Excel','2026-05-22 12:09:22','2026-05-22 12:09:22'),(67,70,70,69,'renewal',3000.00,'approved','Imported from Zone 1 / Zone 2 Excel','2026-05-22 12:09:22','2026-05-22 12:09:22'),(68,71,71,70,'renewal',3000.00,'approved','Imported from Zone 1 / Zone 2 Excel','2026-05-22 12:09:22','2026-05-22 12:09:22'),(69,72,72,71,'renewal',3000.00,'approved','Imported from Zone 1 / Zone 2 Excel','2026-05-22 12:09:22','2026-05-22 12:09:22'),(70,73,73,72,'renewal',3000.00,'approved','Imported from Zone 1 / Zone 2 Excel','2026-05-22 12:09:22','2026-05-22 12:09:22'),(71,74,74,73,'renewal',3000.00,'approved','Imported from Zone 1 / Zone 2 Excel','2026-05-22 12:09:22','2026-05-22 12:09:22'),(72,75,75,74,'renewal',3000.00,'approved','Imported from Zone 1 / Zone 2 Excel','2026-05-22 12:09:22','2026-05-22 12:09:22'),(73,76,76,75,'renewal',3000.00,'approved','Imported from Zone 1 / Zone 2 Excel','2026-05-22 12:09:22','2026-05-22 12:09:22'),(74,77,77,76,'renewal',3000.00,'approved','Imported from Zone 1 / Zone 2 Excel','2026-05-22 12:09:22','2026-05-22 12:09:22'),(75,78,78,77,'renewal',3000.00,'approved','Imported from Zone 1 / Zone 2 Excel','2026-05-22 12:09:22','2026-05-22 12:09:22'),(76,79,79,78,'renewal',3000.00,'approved','Imported from Zone 1 / Zone 2 Excel','2026-05-22 12:09:22','2026-05-22 12:09:22'),(77,80,80,79,'renewal',3000.00,'approved','Imported from Zone 1 / Zone 2 Excel','2026-05-22 12:09:22','2026-05-22 12:09:22'),(78,81,81,80,'renewal',3000.00,'approved','Imported from Zone 1 / Zone 2 Excel','2026-05-22 12:09:22','2026-05-22 12:09:22'),(79,82,82,81,'renewal',3000.00,'approved','Imported from Zone 1 / Zone 2 Excel','2026-05-22 12:09:22','2026-05-22 12:09:22'),(80,84,84,83,'renewal',3000.00,'approved','Imported from Zone 1 / Zone 2 Excel','2026-05-22 12:09:22','2026-05-22 12:09:22'),(81,85,86,84,'renewal',3000.00,'approved','Imported from Zone 1 / Zone 2 Excel','2026-05-22 12:09:22','2026-05-22 12:09:22'),(82,86,87,85,'renewal',3000.00,'approved','Imported from Zone 1 / Zone 2 Excel','2026-05-22 12:09:22','2026-05-22 12:09:22'),(83,87,88,86,'renewal',3000.00,'approved','Imported from Zone 1 / Zone 2 Excel','2026-05-22 12:09:23','2026-05-22 12:09:23'),(84,88,89,87,'renewal',3000.00,'approved','Imported from Zone 1 / Zone 2 Excel','2026-05-22 12:09:23','2026-05-22 12:09:23'),(85,89,90,88,'renewal',3000.00,'approved','Imported from Zone 1 / Zone 2 Excel','2026-05-22 12:09:23','2026-05-22 12:09:23'),(86,90,91,89,'renewal',3000.00,'approved','Imported from Zone 1 / Zone 2 Excel','2026-05-22 12:09:23','2026-05-22 12:09:23'),(87,91,92,90,'renewal',3000.00,'approved','Imported from Zone 1 / Zone 2 Excel','2026-05-22 12:09:23','2026-05-22 12:09:23'),(88,92,93,91,'renewal',3000.00,'approved','Imported from Zone 1 / Zone 2 Excel','2026-05-22 12:09:23','2026-05-22 12:09:23'),(89,93,94,92,'renewal',3000.00,'approved','Imported from Zone 1 / Zone 2 Excel','2026-05-22 12:09:23','2026-05-22 12:09:23'),(90,94,95,93,'renewal',3000.00,'approved','Imported from Zone 1 / Zone 2 Excel','2026-05-22 12:09:23','2026-05-22 12:09:23'),(91,95,96,94,'renewal',3000.00,'approved','Imported from Zone 1 / Zone 2 Excel','2026-05-22 12:09:23','2026-05-22 12:09:23'),(92,96,97,95,'renewal',3000.00,'approved','Imported from Zone 1 / Zone 2 Excel','2026-05-22 12:09:23','2026-05-22 12:09:23'),(93,97,98,96,'renewal',3000.00,'approved','Imported from Zone 1 / Zone 2 Excel','2026-05-22 12:09:23','2026-05-22 12:09:23'),(94,98,99,97,'renewal',3000.00,'approved','Imported from Zone 1 / Zone 2 Excel','2026-05-22 12:09:23','2026-05-22 12:09:23'),(95,99,100,98,'renewal',3000.00,'approved','Imported from Zone 1 / Zone 2 Excel','2026-05-22 12:09:23','2026-05-22 12:09:23'),(96,100,101,99,'renewal',3000.00,'approved','Imported from Zone 1 / Zone 2 Excel','2026-05-22 12:09:23','2026-05-22 12:09:23'),(97,101,102,100,'renewal',3000.00,'approved','Imported from Zone 1 / Zone 2 Excel','2026-05-22 12:09:23','2026-05-22 12:09:23'),(98,102,103,101,'renewal',3000.00,'approved','Imported from Zone 1 / Zone 2 Excel','2026-05-22 12:09:23','2026-05-22 12:09:23'),(99,103,104,102,'renewal',3000.00,'approved','Imported from Zone 1 / Zone 2 Excel','2026-05-22 12:09:23','2026-05-22 12:09:23'),(100,104,105,103,'renewal',3000.00,'approved','Imported from Zone 1 / Zone 2 Excel','2026-05-22 12:09:23','2026-05-22 12:09:23'),(101,105,106,104,'renewal',3000.00,'approved','Imported from Zone 1 / Zone 2 Excel','2026-05-22 12:09:23','2026-05-22 12:09:23'),(102,106,107,105,'renewal',3000.00,'approved','Imported from Zone 1 / Zone 2 Excel','2026-05-22 12:09:23','2026-05-22 12:09:23'),(103,107,108,106,'renewal',3000.00,'approved','Imported from Zone 1 / Zone 2 Excel','2026-05-22 12:09:23','2026-05-22 12:09:23'),(104,108,109,107,'renewal',3000.00,'approved','Imported from Zone 1 / Zone 2 Excel','2026-05-22 12:09:23','2026-05-22 12:09:23'),(105,109,110,108,'renewal',3000.00,'approved','Imported from Zone 1 / Zone 2 Excel','2026-05-22 12:09:23','2026-05-22 12:09:23'),(106,110,111,109,'renewal',3000.00,'approved','Imported from Zone 1 / Zone 2 Excel','2026-05-22 12:09:23','2026-05-22 12:09:23'),(107,111,112,110,'renewal',3000.00,'approved','Imported from Zone 1 / Zone 2 Excel','2026-05-22 12:09:23','2026-05-22 12:09:23'),(108,112,113,111,'renewal',3000.00,'approved','Imported from Zone 1 / Zone 2 Excel','2026-05-22 12:09:23','2026-05-22 12:09:23'),(109,113,114,112,'renewal',3000.00,'approved','Imported from Zone 1 / Zone 2 Excel','2026-05-22 12:09:23','2026-05-22 12:09:23'),(110,114,115,113,'renewal',3000.00,'approved','Imported from Zone 1 / Zone 2 Excel','2026-05-22 12:09:23','2026-05-22 12:09:23'),(111,115,116,114,'renewal',3000.00,'approved','Imported from Zone 1 / Zone 2 Excel','2026-05-22 12:09:23','2026-05-22 12:09:23'),(112,116,117,115,'renewal',3000.00,'approved','Imported from Zone 1 / Zone 2 Excel','2026-05-22 12:09:23','2026-05-22 12:09:23'),(113,117,118,116,'renewal',3000.00,'approved','Imported from Zone 1 / Zone 2 Excel','2026-05-22 12:09:23','2026-05-22 12:09:23'),(114,118,119,117,'renewal',3000.00,'approved','Imported from Zone 1 / Zone 2 Excel','2026-05-22 12:09:23','2026-05-22 12:09:23'),(115,119,120,118,'renewal',3000.00,'approved','Imported from Zone 1 / Zone 2 Excel','2026-05-22 12:09:55','2026-05-22 12:09:55'),(118,5,4,4,'renewal',3000.00,'approved','Annual renewal recorded by admin','2026-05-28 06:58:25','2026-05-28 06:58:25'),(119,122,NULL,121,'renewal',3000.00,'approved','Dummy renewal reminder test record','2026-05-28 07:58:44','2026-05-28 07:58:44');
/*!40000 ALTER TABLE `membership_applications` ENABLE KEYS */;
UNLOCK TABLES;

--
-- Table structure for table `notices`
--

DROP TABLE IF EXISTS `notices`;
/*!40101 SET @saved_cs_client     = @@character_set_client */;
/*!40101 SET character_set_client = utf8 */;
CREATE TABLE `notices` (
  `id` int(10) unsigned NOT NULL AUTO_INCREMENT,
  `title` varchar(220) NOT NULL,
  `category` varchar(100) NOT NULL DEFAULT 'Notice',
  `description` text DEFAULT NULL,
  `document_path` varchar(255) DEFAULT NULL,
  `published_at` date NOT NULL,
  `created_by` int(10) unsigned DEFAULT NULL,
  `created_at` timestamp NOT NULL DEFAULT current_timestamp(),
  PRIMARY KEY (`id`),
  KEY `created_by` (`created_by`),
  CONSTRAINT `notices_ibfk_1` FOREIGN KEY (`created_by`) REFERENCES `users` (`id`) ON DELETE SET NULL
) ENGINE=InnoDB DEFAULT CHARSET=utf8mb4 COLLATE=utf8mb4_unicode_ci;
/*!40101 SET character_set_client = @saved_cs_client */;

--
-- Dumping data for table `notices`
--

LOCK TABLES `notices` WRITE;
/*!40000 ALTER TABLE `notices` DISABLE KEYS */;
INSERT INTO `notices` VALUES (1,'CBSE Examination Circular','CBSE Circular','Latest examination circular for member schools.','#','2026-05-12',1,'2026-05-22 08:26:23'),(2,'Annual Membership Fee Notice','Notice','Annual fee payment notice for member schools.','#','2026-05-08',1,'2026-05-22 08:26:23'),(3,'Workshop Registration Guidelines','Event Notice','Guidelines for workshop registration and participation.','#','2026-05-01',1,'2026-05-22 08:26:23');
/*!40000 ALTER TABLE `notices` ENABLE KEYS */;
UNLOCK TABLES;

--
-- Table structure for table `notification_logs`
--

DROP TABLE IF EXISTS `notification_logs`;
/*!40101 SET @saved_cs_client     = @@character_set_client */;
/*!40101 SET character_set_client = utf8 */;
CREATE TABLE `notification_logs` (
  `id` int(10) unsigned NOT NULL AUTO_INCREMENT,
  `user_id` int(10) unsigned DEFAULT NULL,
  `channel` enum('email','sms') NOT NULL,
  `recipient` varchar(180) NOT NULL,
  `subject` varchar(220) DEFAULT NULL,
  `message` text NOT NULL,
  `status` enum('pending','sent','failed') NOT NULL DEFAULT 'pending',
  `sent_at` timestamp NULL DEFAULT NULL,
  `created_at` timestamp NOT NULL DEFAULT current_timestamp(),
  PRIMARY KEY (`id`),
  KEY `user_id` (`user_id`),
  CONSTRAINT `notification_logs_ibfk_1` FOREIGN KEY (`user_id`) REFERENCES `users` (`id`) ON DELETE SET NULL
) ENGINE=InnoDB DEFAULT CHARSET=utf8mb4 COLLATE=utf8mb4_unicode_ci;
/*!40101 SET character_set_client = @saved_cs_client */;

--
-- Dumping data for table `notification_logs`
--

LOCK TABLES `notification_logs` WRITE;
/*!40000 ALTER TABLE `notification_logs` DISABLE KEYS */;
INSERT INTO `notification_logs` VALUES (1,3,'email','sahodayapune24@gmail.com','School login password reset - Sahodaya Schools Complex','Dear School Admin,\n\nThe login password for Trinity International School, has been reset by Sahodaya admin.\n\nLogin URL: http://localhost/sahodaya/auth/login.php\nLogin Email: sahodayapune24@gmail.com\nNew Password: pune@123\n\nPlease login and keep this password secure.\n\nRegards,\nSahodaya Schools Complex','pending',NULL,'2026-05-22 08:42:41'),(2,3,'email','sahodayapune24@gmail.com','School profile change rejected - Sahodaya Schools Complex','Dear Dr. Rupali Dhamdhere,\n\nYour school profile change request for Trinity International School, has been rejected.\nPlease login and submit corrected details if required.\n\nRegards,\nSahodaya Schools Complex','pending',NULL,'2026-05-22 08:45:23'),(3,3,'email','sahodayapune24@gmail.com','School profile change approved - Sahodaya Schools Complex','Dear Dr. Rupali Dhamdheree,\n\nYour school profile change request for Trinity International School, has been approved.\nThe approved information is now visible on the public member schools page.\n\nRegards,\nSahodaya Schools Complex','pending',NULL,'2026-05-22 08:49:03'),(4,NULL,'email','test@gmail.com','Membership approved - Sahodaya Schools Complex','Dear test msg,\n\nYour Sahodaya membership for Trinity International School pune has been approved.\n\nYou can now login and request profile edits when school details change.\nLogin URL: http://localhost/sahodaya/auth/login.php\nLogin Email: test@gmail.com\nPassword: Use the password submitted during membership registration.\n\nProfile edit rule: submitted changes are sent to admin first and publish only after approval.\n\nRegards,\nSahodaya Schools Complex','pending',NULL,'2026-05-22 12:30:45'),(5,NULL,'email','gaikwadkoamlgaikwad2000@gmail.com','Membership approved - Sahodaya Schools Complex','Dear Dr. Rupali Dhamdhere,\n\nYour Sahodaya membership for Trinity International School, has been approved.\n\nYou can now login and request profile edits when school details change.\nLogin URL: http://localhost/sahodaya/auth/login.php\nLogin Email: gaikwadkoamlgaikwad2000@gmail.com\nPassword: Use the password submitted during membership registration.\n\nProfile edit rule: submitted changes are sent to admin first and publish only after approval.\n\nRegards,\nSahodaya Schools Complex','pending',NULL,'2026-05-25 11:35:23'),(10,NULL,'email','dummy-renewal-test@sahodaya.local','Membership renewal reminder - RENEWAL TEST SCHOOL - 10 days - 2026-06-07','Dear Dummy Principal,\n\nYour Sahodaya membership will expire in 10 days.\nSchool: RENEWAL TEST SCHOOL\nExpiry Date: 07 Jun 2026\n\nPlease contact the Sahodaya team and complete annual membership renewal payment.\nLogin URL: http://localhost./auth/login.php\n\nRegards,\nSahodaya Schools Complex','pending',NULL,'2026-05-28 08:02:14'),(11,NULL,'email','info@sahodaya.org','Admin alert: membership renewal due - RENEWAL TEST SCHOOL - 10 days - 2026-06-07','Dear Admin Team,\n\nThis school membership will expire in 10 days.\n\nSchool: RENEWAL TEST SCHOOL\nPrincipal: Dummy Principal\nRegistered Email: dummy-renewal-test@sahodaya.local\nPhone: +91 90000 99999\nExpiry Date: 07 Jun 2026\n\nPlease connect with the school for annual membership renewal.\n\nRegards,\nSahodaya Schools Complex','pending',NULL,'2026-05-28 08:02:17');
/*!40000 ALTER TABLE `notification_logs` ENABLE KEYS */;
UNLOCK TABLES;

--
-- Table structure for table `pages`
--

DROP TABLE IF EXISTS `pages`;
/*!40101 SET @saved_cs_client     = @@character_set_client */;
/*!40101 SET character_set_client = utf8 */;
CREATE TABLE `pages` (
  `id` int(10) unsigned NOT NULL AUTO_INCREMENT,
  `slug` varchar(120) NOT NULL,
  `title` varchar(200) NOT NULL,
  `meta_description` varchar(255) DEFAULT NULL,
  `body` longtext DEFAULT NULL,
  `status` enum('draft','published') NOT NULL DEFAULT 'published',
  `updated_at` timestamp NOT NULL DEFAULT current_timestamp() ON UPDATE current_timestamp(),
  PRIMARY KEY (`id`),
  UNIQUE KEY `slug` (`slug`)
) ENGINE=InnoDB DEFAULT CHARSET=utf8mb4 COLLATE=utf8mb4_unicode_ci;
/*!40101 SET character_set_client = @saved_cs_client */;

--
-- Dumping data for table `pages`
--

LOCK TABLES `pages` WRITE;
/*!40000 ALTER TABLE `pages` DISABLE KEYS */;
/*!40000 ALTER TABLE `pages` ENABLE KEYS */;
UNLOCK TABLES;

--
-- Table structure for table `payments`
--

DROP TABLE IF EXISTS `payments`;
/*!40101 SET @saved_cs_client     = @@character_set_client */;
/*!40101 SET character_set_client = utf8 */;
CREATE TABLE `payments` (
  `id` int(10) unsigned NOT NULL AUTO_INCREMENT,
  `receipt_no` varchar(80) NOT NULL,
  `user_id` int(10) unsigned DEFAULT NULL,
  `school_id` int(10) unsigned DEFAULT NULL,
  `event_id` int(10) unsigned DEFAULT NULL,
  `payer_name` varchar(180) NOT NULL,
  `payment_type` enum('Membership Fees','Event Fees','Annual Fees','Registration Fees','One-time Payment','Advance Payment') NOT NULL,
  `amount` decimal(10,2) NOT NULL,
  `payment_method` varchar(80) DEFAULT NULL,
  `transaction_id` varchar(150) DEFAULT NULL,
  `payment_status` enum('pending','paid','failed','refunded') NOT NULL DEFAULT 'pending',
  `receipt_pdf` varchar(255) DEFAULT NULL,
  `paid_at` date NOT NULL,
  `created_at` timestamp NOT NULL DEFAULT current_timestamp(),
  PRIMARY KEY (`id`),
  UNIQUE KEY `receipt_no` (`receipt_no`),
  KEY `user_id` (`user_id`),
  KEY `school_id` (`school_id`),
  KEY `event_id` (`event_id`),
  CONSTRAINT `payments_ibfk_1` FOREIGN KEY (`user_id`) REFERENCES `users` (`id`) ON DELETE SET NULL,
  CONSTRAINT `payments_ibfk_2` FOREIGN KEY (`school_id`) REFERENCES `schools` (`id`) ON DELETE SET NULL,
  CONSTRAINT `payments_ibfk_3` FOREIGN KEY (`event_id`) REFERENCES `events` (`id`) ON DELETE SET NULL
) ENGINE=InnoDB DEFAULT CHARSET=utf8mb4 COLLATE=utf8mb4_unicode_ci;
/*!40101 SET character_set_client = @saved_cs_client */;

--
-- Dumping data for table `payments`
--

LOCK TABLES `payments` WRITE;
/*!40000 ALTER TABLE `payments` DISABLE KEYS */;
INSERT INTO `payments` VALUES (1,'RCPT-1001',NULL,1,NULL,'Sunrise Public School','Membership Fees',5000.00,'Online','TXN1001','paid',NULL,'2026-05-12','2026-05-22 08:26:23'),(2,'RCPT-1002',NULL,2,NULL,'Green Valley School','Event Fees',2500.00,'Bank Transfer','TXN1002','pending',NULL,'2026-05-10','2026-05-22 08:26:23'),(3,'MEM-20260522-103614-151',3,4,NULL,'Trinity International School,','Membership Fees',5300.00,'Test Payment','TEST-20260522-001','paid',NULL,'2026-05-22','2026-05-22 08:36:14'),(4,'MEM-20260522-140922-225',4,5,NULL,'ABHINAV PUBLIC SCHOOL MANJARI','Membership Fees',3000.00,'Imported paid Excel','ZONE-IMPORT-5','paid',NULL,'2026-05-28','2026-05-22 12:09:22'),(5,'MEM-20260522-140922-572',5,6,NULL,'AIR FORCE SCHOOL VIMAN NAGAR','Membership Fees',3000.00,'Imported paid Excel','ZONE-IMPORT-6','paid',NULL,'2026-05-22','2026-05-22 12:09:22'),(6,'MEM-20260522-140922-940',6,7,NULL,'ARMY PUBLIC SCHOOL, SOUTHERN COMMAND','Membership Fees',3000.00,'Imported paid Excel','ZONE-IMPORT-7','paid',NULL,'2026-05-22','2026-05-22 12:09:22'),(7,'MEM-20260522-140922-196',7,8,NULL,'BHARTI VIDYAPEETH ENG MED LOHEGAON','Membership Fees',3000.00,'Imported paid Excel','ZONE-IMPORT-8','paid',NULL,'2026-05-22','2026-05-22 12:09:22'),(8,'MEM-20260522-140922-946',8,9,NULL,'DHOLE PATIL EDUCATION SOCIETY','Membership Fees',3000.00,'Imported paid Excel','ZONE-IMPORT-9','paid',NULL,'2026-05-22','2026-05-22 12:09:22'),(9,'MEM-20260522-140922-443',9,10,NULL,'EON GYANANKUR ENGLISH MEDIUM SCHOOL','Membership Fees',3000.00,'Imported paid Excel','ZONE-IMPORT-10','paid',NULL,'2026-05-22','2026-05-22 12:09:22'),(10,'MEM-20260522-140922-150',10,11,NULL,'GANESH INTERNATIONAL SCHOOL,CHIKAHALLI','Membership Fees',3000.00,'Imported paid Excel','ZONE-IMPORT-11','paid',NULL,'2026-05-22','2026-05-22 12:09:22'),(11,'MEM-20260522-140922-115',11,12,NULL,'HIND ENGLISH MEDIUM SCHOOL GURUKUL','Membership Fees',3000.00,'Imported paid Excel','ZONE-IMPORT-12','paid',NULL,'2026-05-22','2026-05-22 12:09:22'),(12,'MEM-20260522-140922-203',12,13,NULL,'HOLY SPIRIT SCHOOL, LONIKAND','Membership Fees',3000.00,'Imported paid Excel','ZONE-IMPORT-13','paid',NULL,'2026-05-22','2026-05-22 12:09:22'),(13,'MEM-20260522-140922-468',13,14,NULL,'JAGADGURU SANT TUKARAM MAHARAJ  SANTAPITH','Membership Fees',3000.00,'Imported paid Excel','ZONE-IMPORT-14','paid',NULL,'2026-05-22','2026-05-22 12:09:22'),(14,'MEM-20260522-140922-518',14,15,NULL,'KUKADI VALLEY PUBLIC SCHOOL','Membership Fees',3000.00,'Imported paid Excel','ZONE-IMPORT-15','paid',NULL,'2026-05-22','2026-05-22 12:09:22'),(15,'MEM-20260522-140922-206',15,16,NULL,'NEW TIMES INTERNATIONAL SCHOOL','Membership Fees',3000.00,'Imported paid Excel','ZONE-IMPORT-16','paid',NULL,'2026-05-22','2026-05-22 12:09:22'),(16,'MEM-20260522-140922-624',16,17,NULL,'P.K.INTERNATIONAL ENGLISH SCHOOL','Membership Fees',3000.00,'Imported paid Excel','ZONE-IMPORT-17','paid',NULL,'2026-05-22','2026-05-22 12:09:22'),(17,'MEM-20260522-140922-708',17,18,NULL,'PODAR INTERNATIONAL SCHOOL CHAKAN','Membership Fees',3000.00,'Imported paid Excel','ZONE-IMPORT-18','paid',NULL,'2026-05-22','2026-05-22 12:09:22'),(18,'MEM-20260522-140922-949',18,19,NULL,'PODAR INTERNATIONAL SCHOOL SARA CITY','Membership Fees',3000.00,'Imported paid Excel','ZONE-IMPORT-19','paid',NULL,'2026-05-22','2026-05-22 12:09:22'),(19,'MEM-20260522-140922-618',19,20,NULL,'PODAR INTERNATIONAL SCHOOL, SHIRUR','Membership Fees',3000.00,'Imported paid Excel','ZONE-IMPORT-20','paid',NULL,'2026-05-22','2026-05-22 12:09:22'),(20,'MEM-20260522-140922-182',20,21,NULL,'PODAR INTERNATIONAL SCHOOL WAGHOLI','Membership Fees',3000.00,'Imported paid Excel','ZONE-IMPORT-21','paid',NULL,'2026-05-22','2026-05-22 12:09:22'),(21,'MEM-20260522-140922-844',21,22,NULL,'PODAR SCHOOL, CHINCHWAD','Membership Fees',3000.00,'Imported paid Excel','ZONE-IMPORT-22','paid',NULL,'2026-05-22','2026-05-22 12:09:22'),(22,'MEM-20260522-140922-924',22,23,NULL,'SRI CHAITANYA TECHNO  SCHOOL WAGHOLI','Membership Fees',3000.00,'Imported paid Excel','ZONE-IMPORT-23','paid',NULL,'2026-05-22','2026-05-22 12:09:22'),(23,'MEM-20260522-140922-714',23,24,NULL,'ST ARNOLDS CENTRAL SCHOOL','Membership Fees',3000.00,'Imported paid Excel','ZONE-IMPORT-24','paid',NULL,'2026-05-22','2026-05-22 12:09:22'),(24,'MEM-20260522-140922-590',24,25,NULL,'VIDYAVALLEY INTERNATIONAL SCHOOL CHAKAN','Membership Fees',3000.00,'Imported paid Excel','ZONE-IMPORT-25','paid',NULL,'2026-05-22','2026-05-22 12:09:22'),(25,'MEM-20260522-140922-700',25,26,NULL,'VISHWAKALYAN ENGLISH MEDIUM SCHOOL CHIKHLI','Membership Fees',3000.00,'Imported paid Excel','ZONE-IMPORT-26','paid',NULL,'2026-05-22','2026-05-22 12:09:22'),(26,'MEM-20260522-140922-227',26,27,NULL,'VISION INTERNATIONAL SCHOOL','Membership Fees',3000.00,'Imported paid Excel','ZONE-IMPORT-27','paid',NULL,'2026-05-22','2026-05-22 12:09:22'),(27,'MEM-20260522-140922-647',29,28,NULL,'REDIANCE INTERNATIONAL SCHOOL','Membership Fees',3000.00,'Imported paid Excel','ZONE-IMPORT-28','paid',NULL,'2026-05-22','2026-05-22 12:09:22'),(28,'MEM-20260522-140922-835',28,29,NULL,'GALAXY SCHOOL, DIGHI','Membership Fees',3000.00,'Imported paid Excel','ZONE-IMPORT-29','paid',NULL,'2026-05-22','2026-05-22 12:09:22'),(29,'MEM-20260522-140922-765',30,30,NULL,'ACADEMIC HEIGHTS PUBLIC SCHOOL','Membership Fees',3000.00,'Imported paid Excel','ZONE-IMPORT-30','paid',NULL,'2026-05-22','2026-05-22 12:09:22'),(30,'MEM-20260522-140922-573',31,31,NULL,'ADITYA INTERNATIONAL SCHOOL MOUJE DUDULGAON','Membership Fees',3000.00,'Imported paid Excel','ZONE-IMPORT-31','paid',NULL,'2026-05-22','2026-05-22 12:09:22'),(31,'MEM-20260522-140922-526',32,32,NULL,'ARMY PUBLIC SCHOOL DIGHI','Membership Fees',3000.00,'Imported paid Excel','ZONE-IMPORT-32','paid',NULL,'2026-05-22','2026-05-22 12:09:22'),(32,'MEM-20260522-140922-871',33,33,NULL,'ARMY PUBLIC SCHOOL ,KIRKEE','Membership Fees',3000.00,'Imported paid Excel','ZONE-IMPORT-33','paid',NULL,'2026-05-22','2026-05-22 12:09:22'),(33,'MEM-20260522-140922-213',34,34,NULL,'BUDS INTERNATIONAL SCHOOL CHIKALI','Membership Fees',3000.00,'Imported paid Excel','ZONE-IMPORT-34','paid',NULL,'2026-05-22','2026-05-22 12:09:22'),(34,'MEM-20260522-140922-129',35,35,NULL,'CITY PRIDE CHIKHLI MOSHI BRANCH','Membership Fees',3000.00,'Imported paid Excel','ZONE-IMPORT-35','paid',NULL,'2026-05-22','2026-05-22 12:09:22'),(35,'MEM-20260522-140922-534',36,36,NULL,'DNYANBHAKTI INTERNATIONAL SCHOOL','Membership Fees',3000.00,'Imported paid Excel','ZONE-IMPORT-36','paid',NULL,'2026-05-22','2026-05-22 12:09:22'),(36,'MEM-20260522-140922-422',37,37,NULL,'DNYANVARDHINI ENGLISH MEDIUM SCHOOL','Membership Fees',3000.00,'Imported paid Excel','ZONE-IMPORT-37','paid',NULL,'2026-05-22','2026-05-22 12:09:22'),(37,'MEM-20260522-140922-707',38,38,NULL,'DR.VISHWANATH KARAD VISHWASHANTI GURUKUL ALANDI','Membership Fees',3000.00,'Imported paid Excel','ZONE-IMPORT-38','paid',NULL,'2026-05-22','2026-05-22 12:09:22'),(38,'MEM-20260522-140922-843',39,39,NULL,'EURO SCHOOL KHARADI','Membership Fees',3000.00,'Imported paid Excel','ZONE-IMPORT-39','paid',NULL,'2026-05-22','2026-05-22 12:09:22'),(39,'MEM-20260522-140922-882',40,40,NULL,'G H RAISONI PUBLIC SCHOOL','Membership Fees',3000.00,'Imported paid Excel','ZONE-IMPORT-40','paid',NULL,'2026-05-22','2026-05-22 12:09:22'),(40,'MEM-20260522-140922-294',41,41,NULL,'INNOVATIVE INTERNATIONAL SCHOOL, CHAKAN','Membership Fees',3000.00,'Imported paid Excel','ZONE-IMPORT-41','paid',NULL,'2026-05-22','2026-05-22 12:09:22'),(41,'MEM-20260522-140922-889',42,42,NULL,'JAGADGURU INTERNATIONAL SCHOOL','Membership Fees',3000.00,'Imported paid Excel','ZONE-IMPORT-42','paid',NULL,'2026-05-22','2026-05-22 12:09:22'),(42,'MEM-20260522-140922-278',43,43,NULL,'KOTHARI INTERNATIONAL SCHOOL KHARADI','Membership Fees',3000.00,'Imported paid Excel','ZONE-IMPORT-43','paid',NULL,'2026-05-22','2026-05-22 12:09:22'),(43,'MEM-20260522-140922-761',44,44,NULL,'LITTLE FLOWER SCHOOL LONI','Membership Fees',3000.00,'Imported paid Excel','ZONE-IMPORT-44','paid',NULL,'2026-05-22','2026-05-22 12:09:22'),(44,'MEM-20260522-140922-687',45,45,NULL,'MODERN ENGLISH SCHOOL','Membership Fees',3000.00,'Imported paid Excel','ZONE-IMPORT-45','paid',NULL,'2026-05-22','2026-05-22 12:09:22'),(45,'MEM-20260522-140922-162',46,46,NULL,'MOUNT LITERA ZEE SCHOOL WAGHOLI','Membership Fees',3000.00,'Imported paid Excel','ZONE-IMPORT-46','paid',NULL,'2026-05-22','2026-05-22 12:09:22'),(46,'MEM-20260522-140922-114',47,47,NULL,'OXFORD WORLD SCHOOL','Membership Fees',3000.00,'Imported paid Excel','ZONE-IMPORT-47','paid',NULL,'2026-05-22','2026-05-22 12:09:22'),(47,'MEM-20260522-140922-274',48,48,NULL,'PHOENIX WORLD SCHOOL , KHARADI','Membership Fees',3000.00,'Imported paid Excel','ZONE-IMPORT-48','paid',NULL,'2026-05-22','2026-05-22 12:09:22'),(48,'MEM-20260522-140922-117',49,49,NULL,'PODAR INTERNATIONAL SCHOOL MANJARI','Membership Fees',3000.00,'Imported paid Excel','ZONE-IMPORT-49','paid',NULL,'2026-05-22','2026-05-22 12:09:22'),(49,'MEM-20260522-140922-602',50,50,NULL,'PRAVARA CENTRAL PUBLIC SCHOOL','Membership Fees',3000.00,'Imported paid Excel','ZONE-IMPORT-50','paid',NULL,'2026-05-22','2026-05-22 12:09:22'),(50,'MEM-20260522-140922-491',51,51,NULL,'PRODIGY PUBLIC SCHOOL','Membership Fees',3000.00,'Imported paid Excel','ZONE-IMPORT-51','paid',NULL,'2026-05-22','2026-05-22 12:09:22'),(51,'MEM-20260522-140922-815',52,52,NULL,'PUNE INTERNATIONAL SCHOOL','Membership Fees',3000.00,'Imported paid Excel','ZONE-IMPORT-52','paid',NULL,'2026-05-22','2026-05-22 12:09:22'),(52,'MEM-20260522-140922-479',53,53,NULL,'RKL GALAXY INTL SCHOOL','Membership Fees',3000.00,'Imported paid Excel','ZONE-IMPORT-53','paid',NULL,'2026-05-22','2026-05-22 12:09:22'),(53,'MEM-20260522-140922-922',54,54,NULL,'SANSKRITI SCHOOL WAGHOLI','Membership Fees',3000.00,'Imported paid Excel','ZONE-IMPORT-54','paid',NULL,'2026-05-22','2026-05-22 12:09:22'),(54,'MEM-20260522-140922-916',55,55,NULL,'SHIVA VALLEY SUPA ROAD','Membership Fees',3000.00,'Imported paid Excel','ZONE-IMPORT-55','paid',NULL,'2026-05-22','2026-05-22 12:09:22'),(55,'MEM-20260522-140922-621',56,56,NULL,'S.N.B.P SCHOOL MANJARI','Membership Fees',3000.00,'Imported paid Excel','ZONE-IMPORT-56','paid',NULL,'2026-05-22','2026-05-22 12:09:22'),(56,'MEM-20260522-140922-260',57,57,NULL,'THE DWARKA SCHOOL','Membership Fees',3000.00,'Imported paid Excel','ZONE-IMPORT-57','paid',NULL,'2026-05-22','2026-05-22 12:09:22'),(57,'MEM-20260522-140922-968',58,58,NULL,'THE LEXICAN INTERNATIONAL SCHOOL, KALYANINAGAR','Membership Fees',3000.00,'Imported paid Excel','ZONE-IMPORT-58','paid',NULL,'2026-05-22','2026-05-22 12:09:22'),(58,'MEM-20260522-140922-279',59,59,NULL,'THE LEXICON INTERNATIONAL SCHOOL PUNE (WAGHOLI)','Membership Fees',3000.00,'Imported paid Excel','ZONE-IMPORT-59','paid',NULL,'2026-05-22','2026-05-22 12:09:22'),(59,'MEM-20260522-140922-905',60,60,NULL,'THE ORBIS EDUCATION SOCIETY, KESHAVNAGAR','Membership Fees',3000.00,'Imported paid Excel','ZONE-IMPORT-60','paid',NULL,'2026-05-22','2026-05-22 12:09:22'),(60,'MEM-20260522-140922-106',61,61,NULL,'VENUS WORLD SCHOOL','Membership Fees',3000.00,'Imported paid Excel','ZONE-IMPORT-61','paid',NULL,'2026-05-22','2026-05-22 12:09:22'),(61,'MEM-20260522-140922-304',62,62,NULL,'VIKHE PATIL MEMRIAL SCHOOL , LOHEGAON','Membership Fees',3000.00,'Imported paid Excel','ZONE-IMPORT-62','paid',NULL,'2026-05-22','2026-05-22 12:09:22'),(62,'MEM-20260522-140922-298',63,63,NULL,'VJ INTERNATIONAL SCHOOL','Membership Fees',3000.00,'Imported paid Excel','ZONE-IMPORT-63','paid',NULL,'2026-05-22','2026-05-22 12:09:22'),(63,'MEM-20260522-140922-548',64,64,NULL,'AARYANS WORLD SCHOOL, WARJE','Membership Fees',3000.00,'Imported paid Excel','ZONE-IMPORT-64','paid',NULL,'2026-05-22','2026-05-22 12:09:22'),(64,'MEM-20260522-140922-926',85,65,NULL,'BILLABONG HIGH SCHOOL AMANORA','Membership Fees',3000.00,'Imported paid Excel','ZONE-IMPORT-65','paid',NULL,'2026-05-22','2026-05-22 12:09:22'),(65,'MEM-20260522-140922-538',66,66,NULL,'DR.CYRUS POONAWALA ENG.MED & JR.COLLEGE-RASTA PETH','Membership Fees',3000.00,'Imported paid Excel','ZONE-IMPORT-66','paid',NULL,'2026-05-22','2026-05-22 12:09:22'),(66,'MEM-20260522-140922-878',67,67,NULL,'GLOBAL INDIAN INTERNATIONAL SCHOOL HADAPSAR','Membership Fees',3000.00,'Imported paid Excel','ZONE-IMPORT-67','paid',NULL,'2026-05-22','2026-05-22 12:09:22'),(67,'MEM-20260522-140922-711',68,68,NULL,'HELIOS INTERNATIONAL SCHOOL','Membership Fees',3000.00,'Imported paid Excel','ZONE-IMPORT-68','paid',NULL,'2026-05-22','2026-05-22 12:09:22'),(68,'MEM-20260522-140922-607',69,69,NULL,'INNOVERA SCHOOL, LONI KALBHOR','Membership Fees',3000.00,'Imported paid Excel','ZONE-IMPORT-69','paid',NULL,'2026-05-22','2026-05-22 12:09:22'),(69,'MEM-20260522-140922-551',70,70,NULL,'JAYAWANT PUBLIC SCHOOL','Membership Fees',3000.00,'Imported paid Excel','ZONE-IMPORT-70','paid',NULL,'2026-05-22','2026-05-22 12:09:22'),(70,'MEM-20260522-140922-965',71,71,NULL,'KUNJIR PUBLIC SCHOOL','Membership Fees',3000.00,'Imported paid Excel','ZONE-IMPORT-71','paid',NULL,'2026-05-22','2026-05-22 12:09:22'),(71,'MEM-20260522-140922-440',72,72,NULL,'MAEERS VISHWASHANTI GURUKUL SCHOOL, LONI','Membership Fees',3000.00,'Imported paid Excel','ZONE-IMPORT-72','paid',NULL,'2026-05-22','2026-05-22 12:09:22'),(72,'MEM-20260522-140922-826',73,73,NULL,'MANSUKHBHAI KOTHARI NATIONAL SCHOOL','Membership Fees',3000.00,'Imported paid Excel','ZONE-IMPORT-73','paid',NULL,'2026-05-22','2026-05-22 12:09:22'),(73,'MEM-20260522-140922-258',74,74,NULL,'MODAK INTERNATIONAL SCHOOL (LONI KALBHOR)','Membership Fees',3000.00,'Imported paid Excel','ZONE-IMPORT-74','paid',NULL,'2026-05-22','2026-05-22 12:09:22'),(74,'MEM-20260522-140922-638',75,75,NULL,'NALANDA ENGLISH MEDIUM SCHOOL','Membership Fees',3000.00,'Imported paid Excel','ZONE-IMPORT-75','paid',NULL,'2026-05-22','2026-05-22 12:09:22'),(75,'MEM-20260522-140922-856',76,76,NULL,'RIMS INTERNATIONAL SCHOOL UNDRI','Membership Fees',3000.00,'Imported paid Excel','ZONE-IMPORT-76','paid',NULL,'2026-05-22','2026-05-22 12:09:22'),(76,'MEM-20260522-140922-568',77,77,NULL,'SUCCESS ENGLISH MEDIUM SCHOOL','Membership Fees',3000.00,'Imported paid Excel','ZONE-IMPORT-77','paid',NULL,'2026-05-22','2026-05-22 12:09:22'),(77,'MEM-20260522-140922-498',78,78,NULL,'VATSALYA SCHOOL','Membership Fees',3000.00,'Imported paid Excel','ZONE-IMPORT-78','paid',NULL,'2026-05-22','2026-05-22 12:09:22'),(78,'MEM-20260522-140922-135',79,79,NULL,'VIDYA PRATISHTHAN\'S NEW BAL VIKAS MANDIR','Membership Fees',3000.00,'Imported paid Excel','ZONE-IMPORT-79','paid',NULL,'2026-05-22','2026-05-22 12:09:22'),(79,'MEM-20260522-140922-528',80,80,NULL,'VISTARA WORLD SCHOOL','Membership Fees',3000.00,'Imported paid Excel','ZONE-IMPORT-80','paid',NULL,'2026-05-22','2026-05-22 12:09:22'),(80,'MEM-20260522-140922-907',81,81,NULL,'ZAINABIA ENGLISH MEDIUM SCHOOL','Membership Fees',3000.00,'Imported paid Excel','ZONE-IMPORT-81','paid',NULL,'2026-05-22','2026-05-22 12:09:22'),(81,'MEM-20260522-140922-481',82,82,NULL,'TRINITY INTERNATIONAL SCHOOL','Membership Fees',3000.00,'Imported paid Excel','ZONE-IMPORT-82','paid',NULL,'2026-05-22','2026-05-22 12:09:22'),(83,'MEM-20260522-140922-993',84,84,NULL,'ANGEL ENGLISH MEDIUM SCHOOL-OM EDUCATION SOC','Membership Fees',3000.00,'Imported paid Excel','ZONE-IMPORT-84','paid',NULL,'2026-05-22','2026-05-22 12:09:22'),(84,'MEM-20260522-140922-529',86,85,NULL,'CITY INTERNATIONAL SCHOOL, SATARA ROAD','Membership Fees',3000.00,'Imported paid Excel','ZONE-IMPORT-85','paid',NULL,'2026-05-22','2026-05-22 12:09:22'),(85,'MEM-20260522-140922-141',87,86,NULL,'CITY INTERNATIONAL SCHOOL , WANOWRIE','Membership Fees',3000.00,'Imported paid Excel','ZONE-IMPORT-86','paid',NULL,'2026-05-22','2026-05-22 12:09:22'),(86,'MEM-20260522-140923-189',88,87,NULL,'CLARA GLOBAL SCHOOL','Membership Fees',3000.00,'Imported paid Excel','ZONE-IMPORT-87','paid',NULL,'2026-05-22','2026-05-22 12:09:23'),(87,'MEM-20260522-140923-288',89,88,NULL,'CRIMSON ANISHA GLOBAL SCHOOL UNDRI','Membership Fees',3000.00,'Imported paid Excel','ZONE-IMPORT-88','paid',NULL,'2026-05-22','2026-05-22 12:09:23'),(88,'MEM-20260522-140923-479',90,89,NULL,'CYGNET PUBLIC SCHOOL HADAPSAR','Membership Fees',3000.00,'Imported paid Excel','ZONE-IMPORT-89','paid',NULL,'2026-05-22','2026-05-22 12:09:23'),(89,'MEM-20260522-140923-874',91,90,NULL,'DHRUV GLOBAL SCHOOL UNDRI','Membership Fees',3000.00,'Imported paid Excel','ZONE-IMPORT-90','paid',NULL,'2026-05-22','2026-05-22 12:09:23'),(90,'MEM-20260522-140923-237',92,91,NULL,'DPS, PUNE','Membership Fees',3000.00,'Imported paid Excel','ZONE-IMPORT-91','paid',NULL,'2026-05-22','2026-05-22 12:09:23'),(91,'MEM-20260522-140923-650',93,92,NULL,'DR.DADA GUJAR ENG.MED SCHOOL , HADAPSAR','Membership Fees',3000.00,'Imported paid Excel','ZONE-IMPORT-92','paid',NULL,'2026-05-22','2026-05-22 12:09:23'),(92,'MEM-20260522-140923-358',94,93,NULL,'DR.KADAM GURUKUL','Membership Fees',3000.00,'Imported paid Excel','ZONE-IMPORT-93','paid',NULL,'2026-05-22','2026-05-22 12:09:23'),(93,'MEM-20260522-140923-427',95,94,NULL,'EVOLVE HIGH SCHOOL','Membership Fees',3000.00,'Imported paid Excel','ZONE-IMPORT-94','paid',NULL,'2026-05-22','2026-05-22 12:09:23'),(94,'MEM-20260522-140923-682',96,95,NULL,'HILLGREEN HIGH SCHOOL AND JR.COLLEGE','Membership Fees',3000.00,'Imported paid Excel','ZONE-IMPORT-95','paid',NULL,'2026-05-22','2026-05-22 12:09:23'),(95,'MEM-20260522-140923-811',97,96,NULL,'MAHAVIR ENGLISH MEDIUM SCHOOL','Membership Fees',3000.00,'Imported paid Excel','ZONE-IMPORT-96','paid',NULL,'2026-05-22','2026-05-22 12:09:23'),(96,'MEM-20260522-140923-839',98,97,NULL,'PAWAR PUBLIC SCHOOL, NANDED CITY','Membership Fees',3000.00,'Imported paid Excel','ZONE-IMPORT-97','paid',NULL,'2026-05-22','2026-05-22 12:09:23'),(97,'MEM-20260522-140923-561',99,98,NULL,'PGKM SCHOOL','Membership Fees',3000.00,'Imported paid Excel','ZONE-IMPORT-98','paid',NULL,'2026-05-22','2026-05-22 12:09:23'),(98,'MEM-20260522-140923-263',100,99,NULL,'PODAR INTERNATIONAL SCHOOL AMBEGOAN','Membership Fees',3000.00,'Imported paid Excel','ZONE-IMPORT-99','paid',NULL,'2026-05-22','2026-05-22 12:09:23'),(99,'MEM-20260522-140923-102',101,100,NULL,'PODAR INTERNATIONAL SCHOOL DAUND','Membership Fees',3000.00,'Imported paid Excel','ZONE-IMPORT-100','paid',NULL,'2026-05-22','2026-05-22 12:09:23'),(100,'MEM-20260522-140923-729',102,101,NULL,'PODAR INTERNATIONAL SCHOOL HADAPSAR','Membership Fees',3000.00,'Imported paid Excel','ZONE-IMPORT-101','paid',NULL,'2026-05-22','2026-05-22 12:09:23'),(101,'MEM-20260522-140923-122',103,102,NULL,'PRESIDENCY INTERNATONAL SCHOOL','Membership Fees',3000.00,'Imported paid Excel','ZONE-IMPORT-102','paid',NULL,'2026-05-22','2026-05-22 12:09:23'),(102,'MEM-20260522-140923-296',104,103,NULL,'SANSKRITI SHIKSHA SOCIETY UNDRI','Membership Fees',3000.00,'Imported paid Excel','ZONE-IMPORT-103','paid',NULL,'2026-05-22','2026-05-22 12:09:23'),(103,'MEM-20260522-140923-773',105,104,NULL,'SHARDABAI PAWAR ENGLISH MEDIUM SCHOOL','Membership Fees',3000.00,'Imported paid Excel','ZONE-IMPORT-104','paid',NULL,'2026-05-22','2026-05-22 12:09:23'),(104,'MEM-20260522-140923-173',106,105,NULL,'SINHAGAD CITY SCHOOL (KONDHWA)','Membership Fees',3000.00,'Imported paid Excel','ZONE-IMPORT-105','paid',NULL,'2026-05-22','2026-05-22 12:09:23'),(105,'MEM-20260522-140923-166',107,106,NULL,'SINHAGAD SCHOOL, WADGOAN','Membership Fees',3000.00,'Imported paid Excel','ZONE-IMPORT-106','paid',NULL,'2026-05-22','2026-05-22 12:09:23'),(106,'MEM-20260522-140923-945',108,107,NULL,'SINHAGAD SPRING DALE SCHOOL,NARHE AMBEGAON','Membership Fees',3000.00,'Imported paid Excel','ZONE-IMPORT-107','paid',NULL,'2026-05-22','2026-05-22 12:09:23'),(107,'MEM-20260522-140923-550',109,108,NULL,'THE HDFC SCHOOL PUNE','Membership Fees',3000.00,'Imported paid Excel','ZONE-IMPORT-108','paid',NULL,'2026-05-22','2026-05-22 12:09:23'),(108,'MEM-20260522-140923-935',110,109,NULL,'THE KALYANI SCHOOL, MANJRI','Membership Fees',3000.00,'Imported paid Excel','ZONE-IMPORT-109','paid',NULL,'2026-05-22','2026-05-22 12:09:23'),(109,'MEM-20260522-140923-304',111,110,NULL,'THE LEXICON SCHOOL HADAPASAR','Membership Fees',3000.00,'Imported paid Excel','ZONE-IMPORT-110','paid',NULL,'2026-05-22','2026-05-22 12:09:23'),(110,'MEM-20260522-140923-560',112,111,NULL,'TILAK MAHARASHTRA VIDYALAYA','Membership Fees',3000.00,'Imported paid Excel','ZONE-IMPORT-111','paid',NULL,'2026-05-22','2026-05-22 12:09:23'),(111,'MEM-20260522-140923-223',113,112,NULL,'VIDYA PARTISTHAAN , BARAMATI','Membership Fees',3000.00,'Imported paid Excel','ZONE-IMPORT-112','paid',NULL,'2026-05-22','2026-05-22 12:09:23'),(112,'MEM-20260522-140923-556',114,113,NULL,'VIDYA PRATISHTHAN\'S DR.CYRUS POONAWALLA SCHOOL','Membership Fees',3000.00,'Imported paid Excel','ZONE-IMPORT-113','paid',NULL,'2026-05-22','2026-05-22 12:09:23'),(113,'MEM-20260522-140923-454',115,114,NULL,'VIDYA PRATISHTHAN\'S INDAPUR ENGLISH MEDIUM SCHOOL','Membership Fees',3000.00,'Imported paid Excel','ZONE-IMPORT-114','paid',NULL,'2026-05-22','2026-05-22 12:09:23'),(114,'MEM-20260522-140923-489',116,115,NULL,'VIDYA PRATISHTHAN\'S SOMESHWAR ENG.MED.SCHOOL','Membership Fees',3000.00,'Imported paid Excel','ZONE-IMPORT-115','paid',NULL,'2026-05-22','2026-05-22 12:09:23'),(115,'MEM-20260522-140923-311',117,116,NULL,'VIDYA SHILP PUBLIC SCHOOL','Membership Fees',3000.00,'Imported paid Excel','ZONE-IMPORT-116','paid',NULL,'2026-05-22','2026-05-22 12:09:23'),(116,'MEM-20260522-140923-490',118,117,NULL,'WALNUT SCHOOL FURSUNGI','Membership Fees',3000.00,'Imported paid Excel','ZONE-IMPORT-117','paid',NULL,'2026-05-22','2026-05-22 12:09:23'),(117,'MEM-20260522-140923-559',119,118,NULL,'XAVIERS PRIMARY SCHOOL','Membership Fees',3000.00,'Imported paid Excel','ZONE-IMPORT-118','paid',NULL,'2026-05-22','2026-05-22 12:09:23'),(118,'MEM-20260522-140955-280',120,119,NULL,'ANEKANT ENGLISH MEDIUM SCHOOL','Membership Fees',3000.00,'Imported paid Excel','ZONE-IMPORT-119','paid',NULL,'2026-05-22','2026-05-22 12:09:55'),(121,'TEST-20260528132844',NULL,122,NULL,'RENEWAL TEST SCHOOL','Membership Fees',3000.00,'Dummy test','TEST-RENEW-20260528132844','paid',NULL,'2026-05-28','2026-05-28 07:58:44');
/*!40000 ALTER TABLE `payments` ENABLE KEYS */;
UNLOCK TABLES;

--
-- Table structure for table `school_change_requests`
--

DROP TABLE IF EXISTS `school_change_requests`;
/*!40101 SET @saved_cs_client     = @@character_set_client */;
/*!40101 SET character_set_client = utf8 */;
CREATE TABLE `school_change_requests` (
  `id` int(10) unsigned NOT NULL AUTO_INCREMENT,
  `school_id` int(10) unsigned NOT NULL,
  `user_id` int(10) unsigned DEFAULT NULL,
  `proposed_data` longtext CHARACTER SET utf8mb4 COLLATE utf8mb4_bin NOT NULL CHECK (json_valid(`proposed_data`)),
  `letter_path` varchar(255) DEFAULT NULL,
  `status` enum('pending','approved','rejected') NOT NULL DEFAULT 'pending',
  `admin_notes` text DEFAULT NULL,
  `created_at` timestamp NOT NULL DEFAULT current_timestamp(),
  `reviewed_at` timestamp NULL DEFAULT NULL,
  PRIMARY KEY (`id`),
  KEY `school_id` (`school_id`),
  KEY `user_id` (`user_id`),
  CONSTRAINT `school_change_requests_ibfk_1` FOREIGN KEY (`school_id`) REFERENCES `schools` (`id`) ON DELETE CASCADE,
  CONSTRAINT `school_change_requests_ibfk_2` FOREIGN KEY (`user_id`) REFERENCES `users` (`id`) ON DELETE SET NULL
) ENGINE=InnoDB DEFAULT CHARSET=utf8mb4 COLLATE=utf8mb4_unicode_ci;
/*!40101 SET character_set_client = @saved_cs_client */;

--
-- Dumping data for table `school_change_requests`
--

LOCK TABLES `school_change_requests` WRITE;
/*!40000 ALTER TABLE `school_change_requests` DISABLE KEYS */;
INSERT INTO `school_change_requests` VALUES (1,4,3,'{\"school_name\":\"Trinity International School,\",\"affiliation_no\":\"000109\",\"principal_name\":\"komal gaikwad\",\"email\":\"sahodayapune24@gmail.com\",\"phone\":\"9270316633\",\"city\":\"pune\",\"address\":\"Trinity International School, Pune, Sr. No. 25 & 27, Near Bopdev Ghat, Kondhwa-Saswad Road, Yewalewadi - 411048.\"}',NULL,'rejected','','2026-05-22 08:43:31','2026-05-22 08:45:21'),(2,4,3,'{\"school_name\":\"Trinity International School,\",\"affiliation_no\":\"000109\",\"principal_name\":\"Dr. Rupali Dhamdheree\",\"email\":\"sahodayapune24@gmail.com\",\"phone\":\"9270316633\",\"city\":\"pune\",\"address\":\"Trinity International School, Pune, Sr. No. 25 & 27, Near Bopdev Ghat, Kondhwa-Saswad Road, Yewalewadi - 411048.\"}','uploads/change-letters/change-letter-4-1779439725.pdf','approved','','2026-05-22 08:48:45','2026-05-22 08:49:01');
/*!40000 ALTER TABLE `school_change_requests` ENABLE KEYS */;
UNLOCK TABLES;

--
-- Temporary table structure for view `school_member_details`
--

DROP TABLE IF EXISTS `school_member_details`;
/*!50001 DROP VIEW IF EXISTS `school_member_details`*/;
SET @saved_cs_client     = @@character_set_client;
SET character_set_client = utf8;
/*!50001 CREATE VIEW `school_member_details` AS SELECT
 1 AS `id`,
  1 AS `zone`,
  1 AS `school_name`,
  1 AS `affiliation_no`,
  1 AS `principal_name`,
  1 AS `email`,
  1 AS `phone`,
  1 AS `city`,
  1 AS `area`,
  1 AS `website`,
  1 AS `shiksha_email`,
  1 AS `address`,
  1 AS `logo_path`,
  1 AS `logo_code`,
  1 AS `status`,
  1 AS `membership_type`,
  1 AS `approved_at`,
  1 AS `membership_expires_at`,
  1 AS `payment_amount`,
  1 AS `payment_method`,
  1 AS `transaction_id`,
  1 AS `payment_status`,
  1 AS `paid_at`,
  1 AS `login_email`,
  1 AS `login_status` */;
SET character_set_client = @saved_cs_client;

--
-- Table structure for table `schools`
--

DROP TABLE IF EXISTS `schools`;
/*!40101 SET @saved_cs_client     = @@character_set_client */;
/*!40101 SET character_set_client = utf8 */;
CREATE TABLE `schools` (
  `id` int(10) unsigned NOT NULL AUTO_INCREMENT,
  `user_id` int(10) unsigned DEFAULT NULL,
  `zone` varchar(40) DEFAULT NULL,
  `school_name` varchar(200) NOT NULL,
  `affiliation_no` varchar(80) DEFAULT NULL,
  `principal_name` varchar(150) DEFAULT NULL,
  `email` varchar(180) DEFAULT NULL,
  `phone` varchar(40) DEFAULT NULL,
  `city` varchar(100) DEFAULT NULL,
  `area` varchar(120) DEFAULT NULL,
  `website` varchar(255) DEFAULT NULL,
  `shiksha_email` varchar(180) DEFAULT NULL,
  `address` text DEFAULT NULL,
  `logo_path` varchar(255) DEFAULT NULL,
  `logo_code` varchar(40) DEFAULT NULL,
  `status` enum('pending','active','inactive') NOT NULL DEFAULT 'pending',
  `membership_type` enum('new','renewal') NOT NULL DEFAULT 'new',
  `approved_at` timestamp NULL DEFAULT NULL,
  `membership_expires_at` date DEFAULT NULL,
  `created_at` timestamp NOT NULL DEFAULT current_timestamp(),
  `updated_at` timestamp NOT NULL DEFAULT current_timestamp() ON UPDATE current_timestamp(),
  PRIMARY KEY (`id`),
  KEY `user_id` (`user_id`),
  CONSTRAINT `schools_ibfk_1` FOREIGN KEY (`user_id`) REFERENCES `users` (`id`) ON DELETE SET NULL
) ENGINE=InnoDB DEFAULT CHARSET=utf8mb4 COLLATE=utf8mb4_unicode_ci;
/*!40101 SET character_set_client = @saved_cs_client */;

--
-- Dumping data for table `schools`
--

LOCK TABLES `schools` WRITE;
/*!40000 ALTER TABLE `schools` DISABLE KEYS */;
INSERT INTO `schools` VALUES (1,2,NULL,'Sunrise Public School','CBSE-10001','Dr. Meera Singh','office@sunrise.edu','+91 90000 10001','Delhi',NULL,NULL,NULL,'Main Road, Delhi',NULL,NULL,'active','renewal','2026-05-22 08:26:23','2027-05-22','2026-05-22 08:26:23','2026-05-28 06:58:11'),(2,NULL,NULL,'Green Valley School','CBSE-10002','Mr. Arvind Rao','contact@greenvalley.edu','+91 90000 10002','Noida',NULL,NULL,NULL,'Sector 62, Noida',NULL,NULL,'active','renewal','2026-05-22 08:26:23','2027-05-22','2026-05-22 08:26:23','2026-05-28 06:58:11'),(3,NULL,NULL,'Heritage International School','CBSE-10003','Ms. Kavita Nair','info@heritage.edu','+91 90000 10003','Gurugram',NULL,NULL,NULL,'City Center, Gurugram',NULL,NULL,'active','renewal','2026-05-22 08:26:23','2027-05-22','2026-05-22 08:26:23','2026-05-28 06:58:11'),(4,3,NULL,'Trinity International School,','000109','Dr. Rupali Dhamdheree','sahodayapune24@gmail.com','9270316633','pune',NULL,NULL,NULL,'Trinity International School, Pune, Sr. No. 25 & 27, Near Bopdev Ghat, Kondhwa-Saswad Road, Yewalewadi - 411048.',NULL,NULL,'active','new','2026-05-22 08:36:33','2027-05-22','2026-05-22 08:36:14','2026-05-28 06:58:11'),(5,4,'Zone 1','ABHINAV PUBLIC SCHOOL MANJARI','1130932','Dr.Ashwini Pansare','abhinavpublicschoolcbse@gmail.com','8380068869','Pune','MANJARI','https://abhinavcbseschool.com/','30902@cbseshiksha.in','Manjari -Theur road Kolwadi Pune Maharashtra','uploads/school-logos/001.png','001','active','renewal','2026-05-28 06:58:25','2027-05-28','2026-05-22 12:09:22','2026-05-28 06:58:25'),(6,5,'Zone 1','AIR FORCE SCHOOL VIMAN NAGAR','1180004','Ragini Srivastava','afsvnedn@gmail.com','9860042447','Pune','VIMANANAGR','https://www.airforceschoolpune.ac.in/','34034@cbseshiksha.in','Air Force Campus, Viman Nagar, Pune - 411014.','uploads/school-logos/030.jpg','030','active','renewal','2026-05-22 12:09:22','2027-05-22','2026-05-22 12:09:22','2026-05-28 06:58:11'),(7,6,'Zone 1','ARMY PUBLIC SCHOOL, SOUTHERN COMMAND','1180005','Mrs. Anita Sharma','apspune01@rediffmail.com','7219167455','Pune','GHORPADI','https://www.apspune.com/','34028@cbseshiksha.in','Army Public SchoolOpposite Bank of Maharashtra, Ghorpadi MarketNear Race Course, Southern CommandPune, Maharashtra - 411001',NULL,NULL,'active','renewal','2026-05-22 12:09:22','2027-05-22','2026-05-22 12:09:22','2026-05-28 06:58:11'),(8,7,'Zone 1','BHARTI VIDYAPEETH ENG MED LOHEGAON','1131020','GEORGE PS','principal.lohegao@bharatividyapeeth.edu','8308411554','Pune','LOHEGAON','https://bvemslohegaon.bharatividyapeeth.edu/','30989@cbseshiksha.in','S.No.35, Mauje Lohegaon, Wadgaon-Shinde Road, Lohegaon, Pune-411047','uploads/school-logos/004.png','004','active','renewal','2026-05-22 12:09:22','2027-05-22','2026-05-22 12:09:22','2026-05-28 06:58:11'),(9,8,'Zone 1','DHOLE PATIL EDUCATION SOCIETY','1131167','Dr. Anuradha Iyer','principaldpse18@gmail.com','9890165003','Pune','WAGHOLI','https://dpes.org.in/','31153@cbseshiksha.in','Dhole Patil School For Excellence,Dhole Patil College Road, Wagholi,Pune-412207','uploads/school-logos/005.webp','005','active','renewal','2026-05-22 12:09:22','2027-05-22','2026-05-22 12:09:22','2026-05-28 06:58:11'),(10,9,'Zone 1','EON GYANANKUR ENGLISH MEDIUM SCHOOL','1130699','Mrs. Sunita Rai','cbsc_kharadi@pdeapune.org','9158756401','Pune','KHARADI','https://pdeaeonschool.edu.in/','30613@cbseshiksha.in','Kharadi Rd, Pandhari Nagar, Rakshak Nagar, Kharadi, Pune, Maharashtra','uploads/school-logos/006.webp','006','active','renewal','2026-05-22 12:09:22','2027-05-22','2026-05-22 12:09:22','2026-05-28 06:58:11'),(11,10,'Zone 1','GANESH INTERNATIONAL SCHOOL,CHIKAHALLI','1130632','Abha Singh','gis.principal2025@gmail.com','8605184200','Pune','CHIKHALI','','30570@cbseshiksha.in','Gate No. 1175 to 1160, Vitthal nagar, newale wasti, chikhali, pune,411062',NULL,NULL,'active','renewal','2026-05-22 12:09:22','2027-05-22','2026-05-22 12:09:22','2026-05-28 06:58:11'),(12,11,'Zone 1','HIND ENGLISH MEDIUM SCHOOL GURUKUL','1190782','Dr.  Preeti Manekar','Gurukoolprincipal@gmail.com','8149011976','Pune','VIMANNAGAR','https://hemgurukoolschool.com/','30710@cbseshiksha.in','Lane no. 6 off airport road viman nagar Pune','uploads/school-logos/008.png','008','active','renewal','2026-05-22 12:09:22','2027-05-22','2026-05-22 12:09:22','2026-05-28 06:58:11'),(13,12,'Zone 1','HOLY SPIRIT SCHOOL, LONIKAND','1130512','Sr. Lilly Parambi','holyspiritcbse@gmail.com','9405564169','Pune','LONIKAND','https://holyspiritlonikand.com/','30437@cbseshiksha.in','AP-LONIKAND,TAL-HAVELI,DIST-PUNE-412216','uploads/school-logos/009.png','009','active','renewal','2026-05-22 12:09:22','2027-05-22','2026-05-22 12:09:22','2026-05-28 06:58:11'),(14,13,'Zone 1','JAGADGURU SANT TUKARAM MAHARAJ  SANTAPITH','','Dr. Dnyaneshwar Gadage','santpithschool@gmai.com','9850313834','Pune','','https://santpithpcmc.com/about-us/','','','uploads/school-logos/010.png','010','active','renewal','2026-05-22 12:09:22','2027-05-22','2026-05-22 12:09:22','2026-05-28 06:58:11'),(15,14,'Zone 1','KUKADI VALLEY PUBLIC SCHOOL','1130161','Mrs. Priya Menon','principalkvps@rediffmail.com','9970014090','Pune','YEDGAON','https://kukadivalley.in/','30186@cbseshiksha.in','tal- Junnar, Yedgaon, Maharashtra 410504','uploads/school-logos/011.png','011','active','renewal','2026-05-22 12:09:22','2027-05-22','2026-05-22 12:09:22','2026-05-28 06:58:11'),(16,15,'Zone 1','NEW TIMES INTERNATIONAL SCHOOL','1130683','Mrs Ritika Sudhir Naidu','30594@cbseshiksha.in','7020229086','Pune','LONIKAND','https://www.ntischoolpune.org/','30594@cbseshiksha.in','GAT no.351/1 Bakori Road ,Near Ramchandra College,Lonikand','uploads/school-logos/012.jfif','012','active','renewal','2026-05-22 12:09:22','2027-05-22','2026-05-22 12:09:22','2026-05-28 06:58:11'),(17,16,'Zone 1','P.K.INTERNATIONAL ENGLISH SCHOOL','1130442','Mrs. Deepali Jugoolkar','pkschool.org@gmail.com','9822547086','Pune','PIMPLE SAUDAGAR','https://mypkschool.com/','45508@cbseshiksha.in','Survey No. 136, Pimple Saudagar, Pune, Pimpri-Chinchwad, Maharashtra 411027','uploads/school-logos/013.png','013','active','renewal','2026-05-22 12:09:22','2027-05-22','2026-05-22 12:09:22','2026-05-28 06:58:11'),(18,17,'Zone 1','PODAR INTERNATIONAL SCHOOL CHAKAN','1130309','Simran kour','principal.chakan@podar.org','7506280325','Pune','CHAKAN','https://www.podareducation.org/school/chakan','30347@cbseshiksha.in','Village Ambethan, Tal. Khed, Chakan','uploads/school-logos/014.jpg','014','active','renewal','2026-05-22 12:09:22','2027-05-22','2026-05-22 12:09:22','2026-05-28 06:58:11'),(19,18,'Zone 1','PODAR INTERNATIONAL SCHOOL SARA CITY','1131217','Mrs.Archana Karande','principal.saracity@podar.org','8097460377','Pune','SARA CITY','https://www.podareducation.org/school/saracity','31204@cbseshiksha.in','TAL-KHED, DIST-PUNE, PUNE , MAHARASHTRA - 410501','uploads/school-logos/015.jpg','015','active','renewal','2026-05-22 12:09:22','2027-05-22','2026-05-22 12:09:22','2026-05-28 06:58:11'),(20,19,'Zone 1','PODAR INTERNATIONAL SCHOOL, SHIRUR','1130549','Mrs. Payal Mudaliar','principal.shirur@podar.org','7506280446','Pune','SHIRUR','https://www.podareducation.org/school/shirur','30500@cbseshiksha.in','behind the Reliance Petrol Pump on Nagar Road, in Bappu Dada Gangawane Nagar, Shirur, Pune, 412210','uploads/school-logos/016.jpg','016','active','renewal','2026-05-22 12:09:22','2027-05-22','2026-05-22 12:09:22','2026-05-28 06:58:11'),(21,20,'Zone 1','PODAR INTERNATIONAL SCHOOL WAGHOLI','1130577','Mr Munish Sharma','principal.wagholi@podar.org','9112287333','Pune','WAGHOLI','https://www.podareducation.org/school/wagholi','30499@cbseshiksha.in','Near Chowki Dhani , Ubhale Nagar, Wagholi , Pune 412207','uploads/school-logos/017.jpg','017','active','renewal','2026-05-22 12:09:22','2027-05-22','2026-05-22 12:09:22','2026-05-28 06:58:11'),(22,21,'Zone 1','PODAR SCHOOL, CHINCHWAD','1130252','Shehanaz Cottar','principal.chinchwad@podar.org','7506280331','Pune','CHINCHWAD','https://www.podareducation.org/school/chinchwad','30193@cbseshiksha.in','Kakade Park, Tanaji Nagar, Near Talera Hospital, Chinchwad, Pune, 411033.','uploads/school-logos/018.jpg','018','active','renewal','2026-05-22 12:09:22','2027-05-22','2026-05-22 12:09:22','2026-05-28 06:58:11'),(23,22,'Zone 1','SRI CHAITANYA TECHNO  SCHOOL WAGHOLI','1130910','Mrs. Pratima Joseph','wagholiprincipal@srichaitanyaschool.net','9518912477','Pune','WAGHOLI','https://srichaitanyaschool.net/school/Pune-Wagholi','','KONARK ORCHID,GATE NO.905,906,926,1085, OPP SATAV ENTERPRISES,BESIDES SEEMA WAREHOUSE,KESNAND ROAD,WAGHOLI,PUNE','uploads/school-logos/019.png','019','active','renewal','2026-05-22 12:09:22','2027-05-22','2026-05-22 12:09:22','2026-05-28 06:58:11'),(24,23,'Zone 1','ST ARNOLDS CENTRAL SCHOOL','1130463','FR. SUNIL MENEZES, SVD','school@arnoldcentralschool.org','9969436433','Pune','VADGAON SHERI','https://arnoldcentralschoolpune.edu.in/','30387@cbseshiksha.in','SVD CAMPUS, NEAR SUNCITY, KALYANI NAGAR WADGAON SHERI ROAD, PUNE 411014','uploads/school-logos/020.png','020','active','renewal','2026-05-22 12:09:22','2027-05-22','2026-05-22 12:09:22','2026-05-28 06:58:11'),(25,24,'Zone 1','VIDYAVALLEY INTERNATIONAL SCHOOL CHAKAN','1130788','Mrs. Swati Sunil Randive','vidyavalley.chakan@gmail.com','9403017994','Pune','CHAKAN','https://www.vidyavalleyschool.org/','30729@cbseshiksha.in','Gat No. 757, Chakan , Tal. Khed, Dist Pune , 410501','uploads/school-logos/021.png','021','active','renewal','2026-05-22 12:09:22','2027-05-22','2026-05-22 12:09:22','2026-05-28 06:58:11'),(26,25,'Zone 1','VISHWAKALYAN ENGLISH MEDIUM SCHOOL CHIKHLI','1130796','Dr Deepali Shirgave','30723@cbseshiksha.in','9850965709','Pune','CHIKHALI','https://vishwakalyanschool.in/','30723@cbseshiksha.in','Gat1204,Sonawane wasti Chikhali','uploads/school-logos/022.png','022','active','renewal','2026-05-22 12:09:22','2027-05-22','2026-05-22 12:09:22','2026-05-28 06:58:11'),(27,26,'Zone 1','VISION INTERNATIONAL SCHOOL','1131336','Mrs. Pasqueen Kasi','viscbse.shirur@gmail.com','9168004444','Pune','SHIRUR','https://visionshirur.com/','31323@cbseshiksha.in','S.No. 1155, 26/5A, Gujar Mala, Shirur Tal. Shirur, Dist. Pune, 412210','uploads/school-logos/023.png','023','active','renewal','2026-05-22 12:09:22','2027-05-22','2026-05-22 12:09:22','2026-05-28 06:58:11'),(28,29,'Zone 1','REDIANCE INTERNATIONAL SCHOOL','1130385','Mrs. Mary Devdass','principal@radianceschool.org','9527040554','Pune','SANTWADI','https://radianceschool.org/','30285@cbseshiksha.in','Sai Vidya Nagar, Pune-Nashik Highway, Alephata, Tal-Junnar, Pune 412 411','uploads/school-logos/026.png','026','active','renewal','2026-05-22 12:09:22','2027-05-22','2026-05-22 12:09:22','2026-05-28 06:58:11'),(29,28,'Zone 1','GALAXY SCHOOL, DIGHI','1131122','Mrs. Manisha Choudhary','principal.sps@sinhagad.edu','7276895000','Pune','DIGHI','https://galaxydighi.com/','31109@cbseshiksha.in','Sector No. 78, Swaraj Colony, Gajanan Maharaj Nagar, Near Magazine Chowk, Bhosari-Alandi Road, Dighi, Pune – 411015.','uploads/school-logos/025.png','025','active','renewal','2026-05-22 12:09:22','2027-05-22','2026-05-22 12:09:22','2026-05-28 06:58:11'),(30,30,'Zone 1','ACADEMIC HEIGHTS PUBLIC SCHOOL','1130873','Jyotika Malkani','30804@cbseshiksha.in','9325485384','Pune','CHIKHALI','https://www.academicheights.in/','30804@cbseshiksha.in','Patil Nagar,Chikhali,Pune-411062','uploads/school-logos/027.webp','027','active','renewal','2026-05-22 12:09:22','2027-05-22','2026-05-22 12:09:22','2026-05-28 06:58:11'),(31,31,'Zone 1','ADITYA INTERNATIONAL SCHOOL MOUJE DUDULGAON','1131413','Mrs. Shital Patil','principal@aditya-school.com','8459096940','Pune','DUDULGAON','https://aditya-school.com/','31402@cbseshiksha.in','Late. Vilasrao Tambe Educational Campus, Gat No - 76, Dudulgaon, PCMC, Pune - 412105','uploads/school-logos/028.png','028','active','renewal','2026-05-22 12:09:22','2027-05-22','2026-05-22 12:09:22','2026-05-28 06:58:11'),(32,32,'Zone 1','ARMY PUBLIC SCHOOL DIGHI','1180023','Mrs Anshu Anand','armyschooldighi@gmail.com','','Pune','DIGHI','https://apsdighi.com/','34028@cbseshiksha.in','C/O Training Battalion - 2 (TB-2),BEG & Centre, Alandi Road,Dighi Camp, Pune, Maharashtra - 411015','uploads/school-logos/031.png','031','active','renewal','2026-05-22 12:09:22','2027-05-22','2026-05-22 12:09:22','2026-05-28 06:58:11'),(33,33,'Zone 1','ARMY PUBLIC SCHOOL ,KIRKEE','1180010','Mrs. Arti Sharma','apskirkee11@gmai.com','7757044937','Pune','KIRKEE','https://armypublicschoolkhadki.in/','','Army Public School Khadki C/O HQ BEG & Centre Khadki, Pune – 411003','uploads/school-logos/032.png','032','active','renewal','2026-05-22 12:09:22','2027-05-22','2026-05-22 12:09:22','2026-05-28 06:58:11'),(34,34,'Zone 1','BUDS INTERNATIONAL SCHOOL CHIKALI','1130546','Suvarna Khot','smdypbudsschool1@gmail.com','919579888357','Pune','CHIKHALI','https://budsinternationalschools.com/','30587@cbseshiksha.in','1029,1030, Newale Wasti, Chikhali, Pune','uploads/school-logos/033.svg','033','active','renewal','2026-05-22 12:09:22','2027-05-22','2026-05-22 12:09:22','2026-05-28 06:58:11'),(35,35,'Zone 1','CITY PRIDE CHIKHLI MOSHI BRANCH','1131189','Deepa Hemnani','info@cityprideschoolmoshi.org','9860337979','Pune','MOSHI','','31176@cbseshiksha.in','Gat No. 112, 113, on Dehu Alandi Road, Chikhali-Moshi, MIDC, Pune 411062, Maharashtra, India',NULL,'034','active','renewal','2026-05-22 12:09:22','2027-05-22','2026-05-22 12:09:22','2026-05-28 06:58:11'),(36,36,'Zone 1','DNYANBHAKTI INTERNATIONAL SCHOOL','1131412','Mrs. Urmila Jadhav','rjspmdbis@gmail.com','9890121009','Pune','DUDULGAON','','31401@cbseshiksha.in','Gat No. 101, 102, Moshi-Alandi Road, Dudulgaon, Pune 412105',NULL,'035','active','renewal','2026-05-22 12:09:22','2027-05-22','2026-05-22 12:09:22','2026-05-28 06:58:11'),(37,37,'Zone 1','DNYANVARDHINI ENGLISH MEDIUM SCHOOL','1130400','Mrs Archana Manglor','dems2005@gmail.com','9028596638','Pune','MAHALUNGE INGALE','https://www.justdial.com/Pune/Dnyanvardhini-English-Medium-School-Opposite-Semco-Co-Mahalunge-Ingale/020PXX20-XX20-170921161326-A7X8_BZDET','30417@cbseshiksha.in','Chakan Talegaon Road, Mahalunge, Tal. Khed, Dist. Pune 410501',NULL,'036','active','renewal','2026-05-22 12:09:22','2027-05-22','2026-05-22 12:09:22','2026-05-28 06:58:11'),(38,38,'Zone 1','DR.VISHWANATH KARAD VISHWASHANTI GURUKUL ALANDI','1130961','Mr. Abhishek Bagchi','ashok.jain@vishwashantiurukul.edu.in','9830818311','Pune','ALANDI','https://www.mitgurukul.com/','30904@cbseshiksha.in','Gat No. 149/150, Village Hanumanwadi Kelgaon, Alandi, Pune – 412105','uploads/school-logos/037.webp','037','active','renewal','2026-05-22 12:09:22','2027-05-22','2026-05-22 12:09:22','2026-05-28 06:58:11'),(39,39,'Zone 1','EURO SCHOOL KHARADI','1131347','Ms. Reshma Shaikh','principal.kharadi@es08euroschoolindia.com','9529791588','Pune','KHARADI','https://www.euroschoolindia.com/euroschools-admissions/pune-kharadi.php?utm_source=google_search_brand_pixis&utm_medium=search&utm_campaign=ES_Search_Brand_Kharadi_Exact_kwd-979437705487&utm_id=20289518530&utm_term=euro%20school%20kharadi&utm_content=1528','31336@cbseshiksha.in','Survey No - 66, Near EON Free Zone, Opp-Barclays, Kharadi, Pune, Maharashtra 411014','uploads/school-logos/038.jpg','038','active','renewal','2026-05-22 12:09:22','2027-05-22','2026-05-22 12:09:22','2026-05-28 06:58:11'),(40,40,'Zone 1','G H RAISONI PUBLIC SCHOOL','1131489','Ms.Divenaa Shardul','principal.ghrpsp@raisoni.net','7767002440','Pune','WAGHOLI','https://ghrpspune.raisoni.net/','31478@cbseshiksha.in','GAT NO. 1200, DOMKHEL ROAD, WAGHOLI PUNE\nMAHARASHTRA,PUNE, 412207','uploads/school-logos/039.webp','039','active','renewal','2026-05-22 12:09:22','2027-05-22','2026-05-22 12:09:22','2026-05-28 06:58:11'),(41,41,'Zone 1','INNOVATIVE INTERNATIONAL SCHOOL, CHAKAN','1130880','Mrs. Jyoti Arde','principal@innovativeschoolchakan.com','8007037778','Pune','CHAKAN','https://innovativeschoolchakan.com/','30819@cbseshiksha.in','near Chakreshwar Temple, At Po, Khed taluka, Chakan, Maharashtra 410501',NULL,'040','active','renewal','2026-05-22 12:09:22','2027-05-22','2026-05-22 12:09:22','2026-05-28 06:58:11'),(42,42,'Zone 1','JAGADGURU INTERNATIONAL SCHOOL','1131303','Mr.Vikash Choudhary','jisinfo.school@gmail.com','7020791715','Pune','LOHEGAON','https://www.jispune.com/','31290@cbseshiksha.in','Sr. No. 288, Shree Jagadguru City, Uttareshwar Road, Lohegaon, Tal - Haveli,Dis - Pune, Maharashtra, India - 411047',NULL,'041','active','renewal','2026-05-22 12:09:22','2027-05-22','2026-05-22 12:09:22','2026-05-28 06:58:11'),(43,43,'Zone 1','KOTHARI INTERNATIONAL SCHOOL KHARADI','1130849','Mrs. Ishita Ghoshal','principal@kispune.com','9527349181','Pune','KHARADI','https://kispune.com/','30786@cbseshiksha.in','Survey No. 54, Fountain Road, Tulaja Bhawani Nagar, Kharadi, Pune, Maharashtra 411014','uploads/school-logos/042.png','042','active','renewal','2026-05-22 12:09:22','2027-05-22','2026-05-22 12:09:22','2026-05-28 06:58:11'),(44,44,'Zone 1','LITTLE FLOWER SCHOOL LONI','1130223','Mrs. Swati Kharde','littleflowerschool@rediffmail.com','9545819333','Pune','PRAVARANAGAR','https://lfsloni.org/','30157@cbseshiksha.in','Near B.Ped. CollegeSadatpur Raod, Loni (Kd) Taluka Rahata, District, Ahmednagar, Maharashtra 413736','uploads/school-logos/043.webp','043','active','renewal','2026-05-22 12:09:22','2027-05-22','2026-05-22 12:09:22','2026-05-28 06:58:11'),(45,45,'Zone 1','MODERN ENGLISH SCHOOL','1130423','Mrs. Vidya Kalbhor','kalbhorvidya@gmail.com','9975179952','Pune','BELHE','https://mesb.co.in/','30427@cbseshiksha.in','Vidyanagari, Post-Belhe, Tal-Junnar, Dist-Pune, 412410,','uploads/school-logos/044.png','044','active','renewal','2026-05-22 12:09:22','2027-05-22','2026-05-22 12:09:22','2026-05-28 06:58:11'),(46,46,'Zone 1','MOUNT LITERA ZEE SCHOOL WAGHOLI','1131377','','info@mountliterazeepune.com','','Pune','WAGHOLI','https://mountliterazeepune.com/','31366@cbseshiksha.in','Gat No 886, Ganga Hillshire, Kesnand Rd, Wagholi, Pune, Maharashtra 412207','uploads/school-logos/045.png','045','active','renewal','2026-05-22 12:09:22','2027-05-22','2026-05-22 12:09:22','2026-05-28 06:58:11'),(47,47,'Zone 1','OXFORD WORLD SCHOOL','1131170','Dr. Kavita K Roy','principal@oxfordworldschool.com','9860762274','Pune','KHARADI','https://owsworldschool.com/','31156@cbseshiksha.in','Kharadi, Tal. Haveli, opposite PANCHSHIL TOWERS, Annex, Wagholi, Pune, Maharashtra 412207','uploads/school-logos/046.webp','046','active','renewal','2026-05-22 12:09:22','2027-05-22','2026-05-22 12:09:22','2026-05-28 06:58:11'),(48,48,'Zone 1','PHOENIX WORLD SCHOOL , KHARADI','1130665','Maria Rodricks','principal@phoenixworldschool.com','8237954536','Pune','KHARADI','https://phoenixworldschool.com/school-life/','30730@cbseshiksha.in','gat no 1344/3 millionaire road beside techno park kharadi pune-411014','uploads/school-logos/047.jfif','047','active','renewal','2026-05-22 12:09:22','2027-05-22','2026-05-22 12:09:22','2026-05-28 06:58:11'),(49,49,'Zone 1','PODAR INTERNATIONAL SCHOOL MANJARI','1131504','Ms. Minal Vaidya','admin.manjri@podar.org','8657898605','Pune','MANJARI','https://www.podareducation.org/school/manjri','31493@cbseshiksha.in','Survey no 91/4, Solapur Rd, behind Kumar Meadows, Manjri Budruk, Pune, Maharashtra 412307','uploads/school-logos/048.jpg','048','active','renewal','2026-05-22 12:09:22','2027-05-22','2026-05-22 12:09:22','2026-05-28 06:58:11'),(50,50,'Zone 1','PRAVARA CENTRAL PUBLIC SCHOOL','1130177','Mrs.Swati Lokhande','pravarapcps@gmail.com','','Pune','PRAVARANAGAR','https://pravara.in/pravara-central-public-school/','30126@cbseshiksha.in','AT/P- PRAVARANAGAR, TAL-RAHATA , DIST-AHMEDNAGAR, MAHARASHTRA, PIN CODE-413712','uploads/school-logos/049.png','049','active','renewal','2026-05-22 12:09:22','2027-05-22','2026-05-22 12:09:22','2026-05-28 06:58:11'),(51,51,'Zone 1','PRODIGY PUBLIC SCHOOL','1130193','Mrs.Suhas Tohgaonkar','principal@jspmpps.edu.in','7972565584','Pune','WAGHOLI','https://jspmpps.edu.in/','30237@cbseshiksha.in','Bakori phata , Wagholi','uploads/school-logos/050.webp','050','active','renewal','2026-05-22 12:09:22','2027-05-22','2026-05-22 12:09:22','2026-05-28 06:58:11'),(52,52,'Zone 1','PUNE INTERNATIONAL SCHOOL','1130962','Hema Sharma','30906@cbseshiksha.in','9764430533','Pune','TINGRENAGAR,PUNE','https://www.puneinternationalschool.in/','30906@cbseshiksha.in','Pune International school, Bhosale wasti chowk Near Dy Patil College Road kotwalwadi Charholi Budruk','uploads/school-logos/051.png','051','active','renewal','2026-05-22 12:09:22','2027-05-22','2026-05-22 12:09:22','2026-05-28 06:58:11'),(53,53,'Zone 1','RKL GALAXY INTL SCHOOL','1131084','Mrs.Mital Shah','rklgisprincipal@gmail.com','','Pune','WADMUKHWADI','https://rklgis.org/','','Sr No 149/5, Opposite to Alankapuram Society, Wadmukhwadi, Pune, 412105','uploads/school-logos/052.png','052','active','renewal','2026-05-22 12:09:22','2027-05-22','2026-05-22 12:09:22','2026-05-28 06:58:11'),(54,54,'Zone 1','SANSKRITI SCHOOL WAGHOLI','1130947','Dr SUVARNA DESHPANDE','info@sanskritischoolpune.com','7720020293','Pune','WAGHOLI','https://sanskritischoolpune.org/campuses/wagholi/','30946@cbseshiksha.in','GAT NO.571, NAGAR ROAD, WAGHOLI, PUNE 412207','uploads/school-logos/053.webp','053','active','renewal','2026-05-22 12:09:22','2027-05-22','2026-05-22 12:09:22','2026-05-28 06:58:11'),(55,55,'Zone 1','SHIVA VALLEY SUPA ROAD','1130417','Kiran Singh','shivavalleyschool@gmail.com','9960277877','Pune','ANJUNAGAON','https://shivavalleyschool.com/home.html','30406@cbseshiksha.in','Gat No 419/1 Deulgaongada Tal Daund','uploads/school-logos/054.gif','054','active','renewal','2026-05-22 12:09:22','2027-05-22','2026-05-22 12:09:22','2026-05-28 06:58:11'),(56,56,'Zone 1','S.N.B.P SCHOOL MANJARI','1130794','Medha Jogalekar','principalsnbpskeshavnagar@gmail.com','74481 83670','Pune','NEW NARHE','https://snbpschool.co.in/','30747@cbseshiksha.in','SR. No. 12/1/2, Post- Narhe, Tal- Haveli, Dist-Pune- 411041','uploads/school-logos/055.jpg','055','active','renewal','2026-05-22 12:09:22','2027-05-22','2026-05-22 12:09:22','2026-05-28 06:58:11'),(57,57,'Zone 1','THE DWARKA SCHOOL','1130402','Mrs. Swati Ambre','swatiambre85@gmail.com','9011029841','Pune','MAHALUNGE INGALE','https://thedwarkaschool.edu.in/','30362@cbseshiksha.in','Gat No. 128, Chakan-Talegaon Road, Mahalunge (Ingale), Khed, Chakan, Pune, Maharashtra, 410501','uploads/school-logos/057.jpeg','057','active','renewal','2026-05-22 12:09:22','2027-05-22','2026-05-22 12:09:22','2026-05-28 06:58:11'),(58,58,'Zone 1','THE LEXICAN INTERNATIONAL SCHOOL, KALYANINAGAR','1130609','Mrs. Anju Luthra','anjuluthra@gmail.com','8552056116','Pune','KALYANINAGAR','https://kalyaninagar.lexiconedu.in/','30582@cbseshiksha.in','S NO 212/1, CENTRAL AVENUE 59, OPPOSITE TO INDIAN BANK, KALYANI NAGAR, PUNE, MAHARASHTRA 41100','uploads/school-logos/058.png','058','active','renewal','2026-05-22 12:09:22','2027-05-22','2026-05-22 12:09:22','2026-05-28 06:58:11'),(59,59,'Zone 1','THE LEXICON INTERNATIONAL SCHOOL PUNE (WAGHOLI)','1130282','Mrs. Reshma Shaikh','ptlis@lexiconedu.in','7558700536','Pune','WAGHOLI','https://wagholi.lexiconedu.in/','30303@cbseshiksha.in','Lexicon Estate, G No. 726, Nagar Road, Wagholi, Pune, Maharashtra 412207','uploads/school-logos/059.png','059','active','renewal','2026-05-22 12:09:22','2027-05-22','2026-05-22 12:09:22','2026-05-28 06:58:11'),(60,60,'Zone 1','THE ORBIS EDUCATION SOCIETY, KESHAVNAGAR','1130390','Ms. Farida Harianawala','info.pune1@theorbisschool.com','7768008701','Pune','KESHAVNAGAR','https://www.theorbisschool.com/keshav-nagar-pune','30456@cbseshiksha.in','33, 3A/6, Keshav Nagar Rd, Hanuman Nagar, Keshav Nagar, Mundhwa, Pune, Maharashtra 411036','uploads/school-logos/060.png','060','active','renewal','2026-05-22 12:09:22','2027-05-22','2026-05-22 12:09:22','2026-05-28 06:58:11'),(61,61,'Zone 1','VENUS WORLD SCHOOL','1131024','Mrs. Mrunmai Mahendra Vaidya','venusworldschools@gmail.com','9970829746','Pune','MANJARI','https://www.venusworldschools.org/','22551@cbseshiksha.in','Sr.No. 163+92/1 Amar Srushti Co.Hsg.Society,\nOpp.Laxmi Colony, Manjari (BK),\nPune -412307','uploads/school-logos/062.png','062','active','renewal','2026-05-22 12:09:22','2027-05-22','2026-05-22 12:09:22','2026-05-28 06:58:11'),(62,62,'Zone 1','VIKHE PATIL MEMRIAL SCHOOL , LOHEGAON','1130362','Candice Braganza','contact@vpmslohegaon.org','9112298846','Pune','LOHEGAON','https://vpmslohegaon.org/','30399@cbseshiksha.in','Sr.No 44/6, Vikhe Patil Nagar, Next to Diamond Waterpark, Lohegaon, Pune - 411047','uploads/school-logos/063.png','063','active','renewal','2026-05-22 12:09:22','2027-05-22','2026-05-22 12:09:22','2026-05-28 06:58:11'),(63,63,'Zone 1','VJ INTERNATIONAL SCHOOL','1131280','Jayashri Vishnu Tangtode','vjinternationalschool@gmail.com','8624933981','Pune','JUNNAR','https://vjinternationalschool.com/','31267@cbseshiksha.in','Nagadwadi, Imam Raza Nagar, Vadgaon Kandali, Junnar, Maharashtra 412412','uploads/school-logos/064.png','064','active','renewal','2026-05-22 12:09:22','2027-05-22','2026-05-22 12:09:22','2026-05-28 06:58:11'),(64,64,'Zone 2','AARYANS WORLD SCHOOL, WARJE','1131233','Ms. Pramodini Gulhane','aaryansworldschool@gmail.com','9130054488','Pune','WARJE','https://www.aaryansworldschool.com/','31220@cbseshiksha.in','Near Jijai Garden, Behind Bombay Cambridge School, Warje, Pune, 411052','uploads/school-logos/065.png','065','active','renewal','2026-05-22 12:09:22','2027-05-22','2026-05-22 12:09:22','2026-05-28 06:58:11'),(65,85,'Zone 2','BILLABONG HIGH SCHOOL AMANORA','1130452','Mrs. Aditi Mukharjee','aditi.mukherjee@billbonghighschool.com','9051702272','Pune','DATTAWADI','https://www.billabonghighschool.com/admissions-form-pune.php?utm_source=google_search_brand_pixis&utm_medium=search&utm_campaign=BHIS_Search_Brand_Pune_Phrase_kwd-344009739961&utm_id=20054236925&utm_term=billabong%20high&utm_content=143776224890&gad_sourc','30369@cbseshiksha.in','Amanora Park Town, Survey No 194, Hadapsar,  Pune 411028','uploads/school-logos/086.png','086','active','renewal','2026-05-22 12:09:22','2027-05-22','2026-05-22 12:09:22','2026-05-28 06:58:11'),(66,66,'Zone 2','DR.CYRUS POONAWALA ENG.MED & JR.COLLEGE-RASTA PETH','1131219','Kajal Somai','cesdrcspoonawallaschool@gmail.com','9422343984','Pune','RASTA PETH,PUNE','https://cpsjc.com/','31206@cbseshiksha.in','588, Rasta Peth,opp Tarachand hospital, Pune -11',NULL,'067','active','renewal','2026-05-22 12:09:22','2027-05-22','2026-05-22 12:09:22','2026-05-28 06:58:11'),(67,67,'Zone 2','GLOBAL INDIAN INTERNATIONAL SCHOOL HADAPSAR','1131268','Dr. D. lakshmi Prasanna','principal.hadapsar@globalindiaschool.org','9923434646','Pune','HADAPSAR','https://adm.globalindianschool.org/hadapsar-enquiry-form-new?utm_source=Google&utm_medium=CPC&utm_campaign=DV-Hadapsar-Brand-Phrase&utm_adgroup=Brand-Phrase&utm_keyword=global%20indian%20international%20school%20hadapsar&utm_ad=716086331271&utm_source=Goo','31255@cbseshiksha.in','Leisure Town, survey No. 202, Behind Amanora Fire Station, Malwadi, Hadapsar, Pune','uploads/school-logos/068.webp','068','active','renewal','2026-05-22 12:09:22','2027-05-22','2026-05-22 12:09:22','2026-05-28 06:58:11'),(68,68,'Zone 2','HELIOS INTERNATIONAL SCHOOL','1131367','Mrs. Divya Puri','principal@heliosedu.in','8530200910','Pune','WADGAON BK','https://heliosedu.in/','31356@cbseshiksha.in','S. No 7/1B/27B Wadgaon Bk, Sun City Rd, next to Sun Empire Road, II, Anand Nagar, Pune, Maharashtra 411051','uploads/school-logos/069.png','069','active','renewal','2026-05-22 12:09:22','2027-05-22','2026-05-22 12:09:22','2026-05-28 06:58:11'),(69,69,'Zone 2','INNOVERA SCHOOL, LONI KALBHOR','1130669','Mrs. Supriya Srivastava','innoveraschools@gmail.com','9850968936','Pune','LONI KALBHOR','https://innoveraschool.com/','30580@cbseshiksha.in','Solapur Rd, Behind Samruddi Tractor, Kadam Wasti, Loni Kalbhor, Maharashtra 412201','uploads/school-logos/070.png','070','active','renewal','2026-05-22 12:09:22','2027-05-22','2026-05-22 12:09:22','2026-05-28 06:58:11'),(70,70,'Zone 2','JAYAWANT PUBLIC SCHOOL','1130607','Mrs Moushumi Chowdhury','principal@jspmjps.edu.in','9923663007','Pune','URULI DEVACHI','https://jspmjps.edu.in/','30590@cbseshiksha.in','Hadapsar , uruli Devachi,  Handewadi road,  JSPM HADAPSAR CAMPUS, PUNE','uploads/school-logos/071.webp','071','active','renewal','2026-05-22 12:09:22','2027-05-22','2026-05-22 12:09:22','2026-05-28 06:58:11'),(71,71,'Zone 2','KUNJIR PUBLIC SCHOOL','1131030','MRS. Pragati P. Salvekar','kungirschool@gmail.com','91468 33833','Pune','HADAPSAR','https://www.kunjirschool.com/','31004@cbseshiksha.in','SY NO 7-2-2 KUNJIR VASTI MANJARI VILLAGE HADAPSAR PUNE TAL HAVELI DIST PUNE','uploads/school-logos/072.jpg','072','active','renewal','2026-05-22 12:09:22','2027-05-22','2026-05-22 12:09:22','2026-05-28 06:58:11'),(72,72,'Zone 2','MAEERS VISHWASHANTI GURUKUL SCHOOL, LONI','1130777','Dr. Sandeep Khanna','principal.vgsloni@mitvgschools.edu.in','8378978981','Pune','LONI KALBHOR','https://mitvgschools.edu.in/loni-kalbhor/','30712@cbseshiksha.in','Behind Swimming Pool Complex, Rajbaug, Loni Kalbhor, Pune, Maharashtra 412201','uploads/school-logos/073.png','073','active','renewal','2026-05-22 12:09:22','2027-05-22','2026-05-22 12:09:22','2026-05-28 06:58:11'),(73,73,'Zone 2','MANSUKHBHAI KOTHARI NATIONAL SCHOOL','1130445','Mrs.Pradhnya Gokhale','principalkns@gmail.com','8605404256','Pune','KONDHWA','https://www.mknspune.com/','30366@cbseshiksha.in','H & M Royal, Sr.# 19, opp. Talab Factory, Kondhwa, Pune, Maharashtra 411048','uploads/school-logos/074.png','074','active','renewal','2026-05-22 12:09:22','2027-05-22','2026-05-22 12:09:22','2026-05-28 06:58:11'),(74,74,'Zone 2','MODAK INTERNATIONAL SCHOOL (LONI KALBHOR)','1131082','Mrs. lakmichya Pawar','misprincipal2016@gmail.com','8999958012','Pune','LONI KALBHOR','https://www.modakschool.com/','31062@cbseshiksha.in','Gat No.1988, Lonikalbhor, B-Wadki, Tel-Haveli, Dist-Pune-412201.','uploads/school-logos/075.png','075','active','renewal','2026-05-22 12:09:22','2027-05-22','2026-05-22 12:09:22','2026-05-28 06:58:11'),(75,75,'Zone 2','NALANDA ENGLISH MEDIUM SCHOOL','1130206','Mrs.Khurana Manuja','nalanda.manchar@gmail.com','9225610268','Pune','SHEWALWADI','https://nalandaschoolpune.com/','30151@cbseshiksha.in','Benkar Vasti Rd, Benkar Nagar, Dhayari Phata, Pune, Maharashtra 411041',NULL,'076','active','renewal','2026-05-22 12:09:22','2027-05-22','2026-05-22 12:09:22','2026-05-28 06:58:11'),(76,76,'Zone 2','RIMS INTERNATIONAL SCHOOL UNDRI','1130773','Mrs. Varsha Phukane','info@rimsint.in','9890850114','Pune','UNDRI','https://rimsinternationalschool.com/','30690@cbseshiksha.in','Wadachi Wadi Rd, Near Octroi Naka, Wadachi Wadi, Undri, Pune, Maharashtra 411060','uploads/school-logos/077.jpg','077','active','renewal','2026-05-22 12:09:22','2027-05-22','2026-05-22 12:09:22','2026-05-28 06:58:11'),(77,77,'Zone 2','SUCCESS ENGLISH MEDIUM SCHOOL','1131431','Mrs Neelam Dehulia','Successschool77@gmail.com','7798533300','Pune','MANJARI','https://successcbseschool.com/','','Pune -Solaapur Road Manjri Hadpsar','uploads/school-logos/078.jpeg','078','active','renewal','2026-05-22 12:09:22','2027-05-22','2026-05-22 12:09:22','2026-05-28 06:58:11'),(78,78,'Zone 2','VATSALYA SCHOOL','1130207','Mrs Vineeta Arora','Info@thevatsalyaschool.org','919823855304','Pune','WADACHI WADI','https://thevatsalyaschool.org/','30241@cbseshiksha.in','Survey Number - 16, Mauje Tehsil Haveli, Wadachi Wadi, Undri, Pune, Maharashtra 411060','uploads/school-logos/079.png','079','active','renewal','2026-05-22 12:09:22','2027-05-22','2026-05-22 12:09:22','2026-05-28 06:58:11'),(79,79,'Zone 2','VIDYA PRATISHTHAN\'S NEW BAL VIKAS MANDIR','1130827','Mrs. K.A Barawkar','principal.nbvmp@vidyapratishthan.com','9850684004','Pune','BARAMATI','https://vidyapratishthan.com/pimpli.pdf','','A/P - PIMPLI, TAL - BARAMATI, DIST - PUNE 413102','uploads/school-logos/80.png','080','active','renewal','2026-05-22 12:09:22','2027-05-22','2026-05-22 12:09:22','2026-05-28 06:58:11'),(80,80,'Zone 2','VISTARA WORLD SCHOOL','1131220','Mrs. Priya Kapil','principal@vistraworldschool.org','7066261140','Pune','FURSUNGI','https://vistaraworldschool.org/','31207@cbseshiksha.in','Sahara Super Market, Fursungi Bhekrai Rd, Trimurti Vihar, Phursungi, Pune, Maharashtra 412308','uploads/school-logos/81.png','081','active','renewal','2026-05-22 12:09:22','2027-05-22','2026-05-22 12:09:22','2026-05-28 06:58:11'),(81,81,'Zone 2','ZAINABIA ENGLISH MEDIUM SCHOOL','1130569','Insia Nasikwala','insia20@gmail.com','9404377722','Pune','KATPHAL,BARAMATI','https://www.zainabiaschool.com/','30637@cbseshiksha.in','Gat No 19, Katphal, Baramati- 413133','uploads/school-logos/82.png','082','active','renewal','2026-05-22 12:09:22','2027-05-22','2026-05-22 12:09:22','2026-05-28 06:58:11'),(82,82,'Zone 2','TRINITY INTERNATIONAL SCHOOL','1130707','Dr. Rupali Dhamdhere','principal.kjeitis@gmail.com','9657860251','Pune','YEWALEWADI','https://www.trinityinternationalschool.in/','30618@cbseshiksha.in','Sr. No. 25 & 27, Near Bopdev Ghat, Kondhwa-Saswad Road, Yewalewadi, Pune - 411048','uploads/school-logos/83.webp','083','active','renewal','2026-05-22 12:09:22','2027-05-22','2026-05-22 12:09:22','2026-05-28 06:58:11'),(84,84,'Zone 2','ANGEL ENGLISH MEDIUM SCHOOL-OM EDUCATION SOC','1130718','Khushboo Singh','aems.principal@gmail.com','8788518648','Pune','LONI KALBHOR','https://angelschoolspune.com/angel-high-school-junior-collegeloni-kalbhor/','30649@cbseshiksha.in','Loni Kalbhor, sholapur road','uploads/school-logos/85.webp','085','active','renewal','2026-05-22 12:09:22','2027-05-22','2026-05-22 12:09:22','2026-05-28 06:58:11'),(85,86,'Zone 2','CITY INTERNATIONAL SCHOOL, SATARA ROAD','1130277','Vaijayanta Patil','30224@cbseshiksha.in','8793001868','Pune','SATARA ROAD','https://www.cityinternationalschoolsatararoad.com/index.html','30224@cbseshiksha.in','Maharshi Nagar, Near Bank of Baroda, Pune Satara Road, Pune -411037','uploads/school-logos/087.jpg','087','active','renewal','2026-05-22 12:09:22','2027-05-22','2026-05-22 12:09:22','2026-05-28 06:58:11'),(86,87,'Zone 2','CITY INTERNATIONAL SCHOOL , WANOWRIE','1130135','Mrs Archana Kshirsagar','wanowrie@cityinternstionalschool.edu.in','8600043233','Pune','WANOWRIE','https://www.cityinternationalschoolwanowrie.com/index.html','','Ganga Savera Complex, Fatima Nagar Road, Wanowrie, Pune - 411040','uploads/school-logos/88.jpg','088','active','renewal','2026-05-22 12:09:22','2027-05-22','2026-05-22 12:09:22','2026-05-28 06:58:11'),(87,88,'Zone 2','CLARA GLOBAL SCHOOL','1131094','','principal@claraschool.com','','Pune','GHORPADI','https://claraschool.com/','31080@cbseshiksha.in','50, Bhagwan Tatyasaheb Kawade Rd, Next to येलो ब्लॉसम्स सहकारी गृहरचना संस्था मर्या, Ganesh Nagar, Ghorpadi, Pune, Maharashtra 411036','uploads/school-logos/089.png','089','active','renewal','2026-05-22 12:09:23','2027-05-22','2026-05-22 12:09:23','2026-05-28 06:58:11'),(88,89,'Zone 2','CRIMSON ANISHA GLOBAL SCHOOL UNDRI','1130914','Mrs Rani Thomas','principal.undri@cagschool.com','7387054020','Pune','UNDRI','https://cagschool.com/undri','30880@cbseshiksha.in','13/1/1 Kad Nagar, NIBM Road, Undri Pune 411028','uploads/school-logos/090.svg','090','active','renewal','2026-05-22 12:09:23','2027-05-22','2026-05-22 12:09:23','2026-05-28 06:58:11'),(89,90,'Zone 2','CYGNET PUBLIC SCHOOL HADAPSAR','1130789','Mrs Kalpana Nilakhe','principal@jspmcps.edu.in','9890318918','Pune','HADAPSAR','https://jspmcps.edu.in/','30732@cbseshiksha.in','Sr. No. 58, Indrayaninagar, Handewadi Road, Hadapsar, Pune-411028','uploads/school-logos/091.webp','091','active','renewal','2026-05-22 12:09:23','2027-05-22','2026-05-22 12:09:23','2026-05-28 06:58:11'),(90,91,'Zone 2','DHRUV GLOBAL SCHOOL UNDRI','1131368','Sharada Rao','info.undri@dhruv.eu.in','9309981870','Pune','UNDRI','https://dhruv.edu.in/Undri/','31357@cbseshiksha.in','Katraj Bypass Road, Undri, Pune','uploads/school-logos/092.png','092','active','renewal','2026-05-22 12:09:23','2027-05-22','2026-05-22 12:09:23','2026-05-28 06:58:11'),(91,92,'Zone 2','DPS, PUNE','1130066','Amita Singh','info@dpspune.com','9158477324','Pune','MOHAMMADWADI','https://www.dpspune.com/','30056@cbseshiksha.in','Nyati County , Mohammadwadi , Pune','uploads/school-logos/093.png','093','active','renewal','2026-05-22 12:09:23','2027-05-22','2026-05-22 12:09:23','2026-05-28 06:58:11'),(92,93,'Zone 2','DR.DADA GUJAR ENG.MED SCHOOL , HADAPSAR','1131012','Mr.Prakash Bapkar','ddgcbseschool@gmail.com','9326188580','Pune','HADAPSAR','https://drdadagujarschool.in/','30976@cbseshiksha.in','Dr. Dada Gujar English Medium School,\nMohammadwadi, Hadapsar, Pune- 411060','uploads/school-logos/094.png','094','active','renewal','2026-05-22 12:09:23','2027-05-22','2026-05-22 12:09:23','2026-05-28 06:58:11'),(93,94,'Zone 2','DR.KADAM GURUKUL','1130651','Mrs. Vrinda Joshi','drkadamgurukul.indapur@gmail.com','7028910883','Pune','INDAPUR','https://drkadamgurukul.org/','30585@cbseshiksha.in','Dr. Kadam Gurukul School, Pune Solapur highway corner\nTaluka Indapur ,District Pune 413106\nMaharashtra.','uploads/school-logos/095.webp','095','active','renewal','2026-05-22 12:09:23','2027-05-22','2026-05-22 12:09:23','2026-05-28 06:58:11'),(94,95,'Zone 2','EVOLVE HIGH SCHOOL','1131374','Dr. S. K Sanyal','principaldirector@evolvehighschool.com','7774969969','Pune','DATTAWADI','https://evolvehighschool.com/','31363@cbseshiksha.in','Plot no. 572 A, Panmala, Sinhgad Road, Pune -411030','uploads/school-logos/096.svg','096','active','renewal','2026-05-22 12:09:23','2027-05-22','2026-05-22 12:09:23','2026-05-28 06:58:11'),(95,96,'Zone 2','HILLGREEN HIGH SCHOOL AND JR.COLLEGE','1130916','Mrs. Varsha Phukane','30881@cbseshiksha.in','9890850114','Pune','KONDHWA','https://www.hillgreenhighschool.in/','30881@cbseshiksha.in','Sr.No.44/4/1, Pisoli, NIBM-Undri link road, Post Mohammadwadi, Pune-411060','uploads/school-logos/097.webp','097','active','renewal','2026-05-22 12:09:23','2027-05-22','2026-05-22 12:09:23','2026-05-28 06:58:11'),(96,97,'Zone 2','MAHAVIR ENGLISH MEDIUM SCHOOL','','','memspune@gmail.com','','Pune','','https://memspune.com/','31221@cbseshiksha.in','',NULL,'098','active','renewal','2026-05-22 12:09:23','2027-05-22','2026-05-22 12:09:23','2026-05-28 06:58:11'),(97,98,'Zone 2','PAWAR PUBLIC SCHOOL, NANDED CITY','1130613','Dr Anjali Gurjar','principal@ppsnandedcity.com','9823144459','Pune','NANDED CITY','https://pawarpublicschool.com/nandedcity/','30557@cbseshiksha.in','Sinhagad Road, Nanded city Punr 411041','uploads/school-logos/099.png','099','active','renewal','2026-05-22 12:09:23','2027-05-22','2026-05-22 12:09:23','2026-05-28 06:58:11'),(98,99,'Zone 2','PGKM SCHOOL','NOT APPLICABLE','Mrs. Prajakta Bhide','principal@pgkmschool.org','9423002749','Pune','KONDHWA BK','https://pgkmschool.org/','31441@cbseshiksha.in','NEW S. NO. 63, HISSA NO. 2, PLOT NO. 1, KONDHWA Bk., TAL. HAVELI, DIST PUNE 411048','uploads/school-logos/100.png','100','active','renewal','2026-05-22 12:09:23','2027-05-22','2026-05-22 12:09:23','2026-05-28 06:58:11'),(99,100,'Zone 2','PODAR INTERNATIONAL SCHOOL AMBEGOAN','1130408','Anagha Gholap','pisambegaon.info@podar.org','7506280305','Pune','WADAGAON BUDRUK','https://www.podareducation.org/school/ambegaon','30309@cbseshiksha.in','Sr No 1/6 Haveli 20 village Ambegaon BK Pune 411046','uploads/school-logos/101.jpg','101','active','renewal','2026-05-22 12:09:23','2027-05-22','2026-05-22 12:09:23','2026-05-28 06:58:11'),(100,101,'Zone 2','PODAR INTERNATIONAL SCHOOL DAUND','1131186','Ms. Swati Kanase','principal.daund@podar.org','8275449257','Pune','DAUND','https://www.podareducation.org/school/daund','31173@cbseshiksha.in','Daund Patas Rd, opposite Old Godown, Daund, Girim, Maharashtra 413801','uploads/school-logos/102.jpg','102','active','renewal','2026-05-22 12:09:23','2027-05-22','2026-05-22 12:09:23','2026-05-28 06:58:11'),(101,102,'Zone 2','PODAR INTERNATIONAL SCHOOL HADAPSAR','1131517','Arvind Kumar Singh','admin.hadapsar@podar.org','8657898547','Pune','HADAPSAR','https://www.podareducation.org/school/hadapsar','31514@cbseshiksha.in','SR NO 50/10/11/2/2, GANESH COLONY , KALEPADAL BEHIND MAYUR GEMINUS ,\nHADAPSAR, PUNE\nMAHARASHTRA,PUNE, 411028','uploads/school-logos/103.jpg','103','active','renewal','2026-05-22 12:09:23','2027-05-22','2026-05-22 12:09:23','2026-05-28 06:58:11'),(102,103,'Zone 2','PRESIDENCY INTERNATONAL SCHOOL','1131437','Mr.Rajendra Hanumant Sargar','principal@jbvpeducation.org','9146606665','Pune','INDAPUR','https://jbvpeducation.org/','31427@cbseshiksha.in','A/p- Lakhewadi , JBVP Campus , Tal-Indapur , Dist - Pune , Pin- 413103','uploads/school-logos/104.webp','104','active','renewal','2026-05-22 12:09:23','2027-05-22','2026-05-22 12:09:23','2026-05-28 06:58:11'),(103,104,'Zone 2','SANSKRITI SHIKSHA SOCIETY UNDRI','1130957','Anagha Phadke','admin@sanskritischoolpune.in','7720099705','Pune','UNDRI','https://sanskritischoolpune.org/campuses/undri/','30947@cbseshiksha.in','Survey No. 12/13 Undri -NIBM Road Near Kumar Sales Office, Pune 411060','uploads/school-logos/105.webp','105','active','renewal','2026-05-22 12:09:23','2027-05-22','2026-05-22 12:09:23','2026-05-28 06:58:11'),(104,105,'Zone 2','SHARDABAI PAWAR ENGLISH MEDIUM SCHOOL','1131425','Avishek Kumar Singh','cbse@adtbaramati.com','7017800427','Pune','MALEGAON','https://adtbaramaticbse.org/','31414@cbseshiksha.in','Survey No 92/1/A/2,Shardanagar (Malegaon Colony)  Tal. - Baramati (Dist. Pune)-413115, Maharashtra','uploads/school-logos/106.jpg','106','active','renewal','2026-05-22 12:09:23','2027-05-22','2026-05-22 12:09:23','2026-05-28 06:58:11'),(105,106,'Zone 2','SINHAGAD CITY SCHOOL (KONDHWA)','1130560','Mrs.Joya Adhikari','prin.scs_ps@sinhgad.edu','9168661812','Pune','KONDHWA BK','http://scsk.sinhgad.edu/','','Sinhgad City School Kondhwa\n50/1, Tilekar Nagar, Katraj-Kondhwa Road,  Pune-411048 ,  Maharashtra',NULL,'107','active','renewal','2026-05-22 12:09:23','2027-05-22','2026-05-22 12:09:23','2026-05-28 06:58:11'),(106,107,'Zone 2','SINHAGAD SCHOOL, WADGOAN','1130175','Mr. Smita Sawant','principal.ssdps@sinhgad.edu','9850857812','Pune','WADAGAON BUDRUK','http://scsk.sinhgad.edu/','30140@cbseshiksha.in','Survey No 44/1, Off Sinhgad Road, Wadagaon Budruk, Pune, Maharashtra 411041',NULL,'108','active','renewal','2026-05-22 12:09:23','2027-05-22','2026-05-22 12:09:23','2026-05-28 06:58:11'),(107,108,'Zone 2','SINHAGAD SPRING DALE SCHOOL,NARHE AMBEGAON','1130610','Mrs. Shital Sapkal','principal.ssdsn@sinhgad.edu','9552510914','Pune','WADAGAON BUDRUK','http://ssdps.sinhgad.edu/','30532@cbseshiksha.in','S.NO.10, HISSA NO.1, AMBEGAON BK., PUNE,\nMAHARASHTRA - 411041',NULL,'109','active','renewal','2026-05-22 12:09:23','2027-05-22','2026-05-22 12:09:23','2026-05-28 06:58:11'),(108,109,'Zone 2','THE HDFC SCHOOL PUNE','1130867','Dr. Amruta Prabhu','principal.pune@thehdfcschool.com','942350545','Pune','HADAPSAR','https://www.thehdfcschool.com/pune/index.html','30796@cbseshiksha.in','238-241, planet IT, adjacent to TCS, behind kalyan jewellers, Magarpatta road, Hadapsar Pune 411028','uploads/school-logos/110.png','110','active','renewal','2026-05-22 12:09:23','2027-05-22','2026-05-22 12:09:23','2026-05-28 06:58:11'),(109,110,'Zone 2','THE KALYANI SCHOOL, MANJRI','1130643','Nirmal Waddan','info@thekalyanischool.com','9822806359','Pune','MANJARI','https://www.thekalyanischool.com/','30588@cbseshiksha.in','Survey no 12, Manjari Budruk , Near Hadapsar, Pune','uploads/school-logos/111.webp','111','active','renewal','2026-05-22 12:09:23','2027-05-22','2026-05-22 12:09:23','2026-05-28 06:58:11'),(110,111,'Zone 2','THE LEXICON SCHOOL HADAPASAR','1130583','Mrs. Manisha Navayath','hmtls@lexiconedu.in','7558567666','Pune','HADAPSAR','https://hadapsar.lexiconedu.in/','30597@cbseshiksha.in','SURVEY NO.208, PUNE-SASWAD ROAD,NEXT TO SP INFOCITY, NEAR FLYING SCHOOL, HADAPSAR, PHURSUNGI, PUNE– 412308','uploads/school-logos/112.jpg','112','active','renewal','2026-05-22 12:09:23','2027-05-22','2026-05-22 12:09:23','2026-05-28 06:58:11'),(111,112,'Zone 2','TILAK MAHARASHTRA VIDYALAYA','1131381','Mrs. Shraddha Yerolkar','tmvidyakayaprincipal@gmail.com','9860366440','Pune','GULTEKDI','https://tmvidyalaya.edu.in/','31370@cbseshiksha.in','Tilak Maharashtra Vidyapeeth Main Campus, Gultekdi, Pune – 411037','uploads/school-logos/113.png','113','active','renewal','2026-05-22 12:09:23','2027-05-22','2026-05-22 12:09:23','2026-05-28 06:58:11'),(112,113,'Zone 2','VIDYA PARTISTHAAN , BARAMATI','1130045','Radha Kore','principal.vpems@vidyapratishthan.com','8007490129','Pune','BARAMATI','https://vidyapratishthan.com/site/','30025@cbseshiksha.in','Baramati','uploads/school-logos/114.png','114','active','renewal','2026-05-22 12:09:23','2027-05-22','2026-05-22 12:09:23','2026-05-28 06:58:11'),(113,114,'Zone 2','VIDYA PRATISHTHAN\'S DR.CYRUS POONAWALLA SCHOOL','1130823','Yashaswini Trimbakrao Nigade','vpdcps@vidyapratishthan.com','8379889161','Pune','RUI,BARAMATI','https://www.vpcf.org/baramati.html','30886@cbseshiksha.in','Rui, Vidyanagari, Bhigwan Road, Baramati','uploads/school-logos/115.png','115','active','renewal','2026-05-22 12:09:23','2027-05-22','2026-05-22 12:09:23','2026-05-28 06:58:11'),(114,115,'Zone 2','VIDYA PRATISHTHAN\'S INDAPUR ENGLISH MEDIUM SCHOOL','1130828','Jyoti Jagtap','vpiems@gmail.com','8407944318','Pune','INDAPUR','https://vpiems.org/wp/','30766@cbseshiksha.in','Vidyanagari , near akluj Link Road indapur','uploads/school-logos/116.jpg','116','active','renewal','2026-05-22 12:09:23','2027-05-22','2026-05-22 12:09:23','2026-05-28 06:58:11'),(115,116,'Zone 2','VIDYA PRATISHTHAN\'S SOMESHWAR ENG.MED.SCHOOL','1130817','Sachin Pathak','principal.vpsems@vidyapratishthan.com','9975558792','Pune','WAGHALWADI','https://www.vpsomeshwar.org/','30748@cbseshiksha.in','Nira Baramati Road Waghalwadi Tak Baramati D. Pune 412306','uploads/school-logos/117.png','117','active','renewal','2026-05-22 12:09:23','2027-05-22','2026-05-22 12:09:23','2026-05-28 06:58:11'),(116,117,'Zone 2','VIDYA SHILP PUBLIC SCHOOL','1130280','Sahana Arif','verfpune@gmail.com','9371080123','Pune','YEWALEWADI,KONDHWA','https://vidyashilp.in/','30274@cbseshiksha.in','S.no 9/2 Yewelawadi, kondhwa Buduruk 411048','uploads/school-logos/118.png','118','active','renewal','2026-05-22 12:09:23','2027-05-22','2026-05-22 12:09:23','2026-05-28 06:58:11'),(117,118,'Zone 2','WALNUT SCHOOL FURSUNGI','1131080','Prachiti Tajne','feedback@walnutedu.in','9326273861','Pune','FURSUNGI','https://walnut.school/','31060@cbseshiksha.in','Purva Campus, Fursungi, Pune, 412308','uploads/school-logos/119.svg','119','active','renewal','2026-05-22 12:09:23','2027-05-22','2026-05-22 12:09:23','2026-05-28 06:58:11'),(118,119,'Zone 2','XAVIERS PRIMARY SCHOOL','1131476','Ms. Lakshmi P. Gounder','stxaviersprincipal01@gmail.com','9011178887','Pune','GULTEKADI','https://stxavierspune.edu.in/','31465@cbseshiksha.in','Survey no. 39, Shankar Sheth Road, near St. Joseph\'s Technical, Vrindavan Society, Gultekadi, Pune – 411037, Maharashtra','uploads/school-logos/120.png','120','active','renewal','2026-05-22 12:09:23','2027-05-22','2026-05-22 12:09:23','2026-05-28 06:58:11'),(119,120,'Zone 2','ANEKANT ENGLISH MEDIUM SCHOOL','1130964','Mrs Rakhi Mathur','anekanteme@gmail.com','8308831611','Pune','BARAMATI','https://anekantjsp.in/','30915@cbseshiksha.in','TC College, Baramati, Maharashtra 413102\nPhone: 081809 48094','uploads/school-logos/84.png','084','active','renewal','2026-05-22 12:09:55','2027-05-22','2026-05-22 12:09:55','2026-05-28 06:58:11'),(122,123,'Zone 1','RENEWAL TEST SCHOOL','TEST-RENEW-001','Dummy Principal','dummy-renewal-test@sahodaya.local','+91 90000 99999','Pune',NULL,NULL,NULL,'Dummy renewal reminder test record',NULL,NULL,'active','renewal','2025-06-07 07:58:44','2026-06-07','2026-05-28 07:58:44','2026-05-28 10:43:43');
/*!40000 ALTER TABLE `schools` ENABLE KEYS */;
UNLOCK TABLES;

--
-- Table structure for table `students`
--

DROP TABLE IF EXISTS `students`;
/*!40101 SET @saved_cs_client     = @@character_set_client */;
/*!40101 SET character_set_client = utf8 */;
CREATE TABLE `students` (
  `id` int(10) unsigned NOT NULL AUTO_INCREMENT,
  `user_id` int(10) unsigned DEFAULT NULL,
  `school_id` int(10) unsigned DEFAULT NULL,
  `class_name` varchar(40) DEFAULT NULL,
  `roll_no` varchar(60) DEFAULT NULL,
  `phone` varchar(40) DEFAULT NULL,
  `created_at` timestamp NOT NULL DEFAULT current_timestamp(),
  PRIMARY KEY (`id`),
  KEY `user_id` (`user_id`),
  KEY `school_id` (`school_id`),
  CONSTRAINT `students_ibfk_1` FOREIGN KEY (`user_id`) REFERENCES `users` (`id`) ON DELETE SET NULL,
  CONSTRAINT `students_ibfk_2` FOREIGN KEY (`school_id`) REFERENCES `schools` (`id`) ON DELETE SET NULL
) ENGINE=InnoDB DEFAULT CHARSET=utf8mb4 COLLATE=utf8mb4_unicode_ci;
/*!40101 SET character_set_client = @saved_cs_client */;

--
-- Dumping data for table `students`
--

LOCK TABLES `students` WRITE;
/*!40000 ALTER TABLE `students` DISABLE KEYS */;
/*!40000 ALTER TABLE `students` ENABLE KEYS */;
UNLOCK TABLES;

--
-- Table structure for table `teachers`
--

DROP TABLE IF EXISTS `teachers`;
/*!40101 SET @saved_cs_client     = @@character_set_client */;
/*!40101 SET character_set_client = utf8 */;
CREATE TABLE `teachers` (
  `id` int(10) unsigned NOT NULL AUTO_INCREMENT,
  `user_id` int(10) unsigned DEFAULT NULL,
  `school_id` int(10) unsigned DEFAULT NULL,
  `subject` varchar(120) DEFAULT NULL,
  `designation` varchar(120) DEFAULT NULL,
  `phone` varchar(40) DEFAULT NULL,
  `created_at` timestamp NOT NULL DEFAULT current_timestamp(),
  PRIMARY KEY (`id`),
  KEY `user_id` (`user_id`),
  KEY `school_id` (`school_id`),
  CONSTRAINT `teachers_ibfk_1` FOREIGN KEY (`user_id`) REFERENCES `users` (`id`) ON DELETE SET NULL,
  CONSTRAINT `teachers_ibfk_2` FOREIGN KEY (`school_id`) REFERENCES `schools` (`id`) ON DELETE SET NULL
) ENGINE=InnoDB DEFAULT CHARSET=utf8mb4 COLLATE=utf8mb4_unicode_ci;
/*!40101 SET character_set_client = @saved_cs_client */;

--
-- Dumping data for table `teachers`
--

LOCK TABLES `teachers` WRITE;
/*!40000 ALTER TABLE `teachers` DISABLE KEYS */;
/*!40000 ALTER TABLE `teachers` ENABLE KEYS */;
UNLOCK TABLES;

--
-- Table structure for table `users`
--

DROP TABLE IF EXISTS `users`;
/*!40101 SET @saved_cs_client     = @@character_set_client */;
/*!40101 SET character_set_client = utf8 */;
CREATE TABLE `users` (
  `id` int(10) unsigned NOT NULL AUTO_INCREMENT,
  `name` varchar(150) NOT NULL,
  `email` varchar(180) NOT NULL,
  `password` varchar(255) NOT NULL,
  `role` enum('admin','school','teacher','student') NOT NULL DEFAULT 'student',
  `status` enum('active','inactive') NOT NULL DEFAULT 'active',
  `created_at` timestamp NOT NULL DEFAULT current_timestamp(),
  `updated_at` timestamp NOT NULL DEFAULT current_timestamp() ON UPDATE current_timestamp(),
  PRIMARY KEY (`id`),
  UNIQUE KEY `email` (`email`)
) ENGINE=InnoDB DEFAULT CHARSET=utf8mb4 COLLATE=utf8mb4_unicode_ci;
/*!40101 SET character_set_client = @saved_cs_client */;

--
-- Dumping data for table `users`
--

LOCK TABLES `users` WRITE;
/*!40000 ALTER TABLE `users` DISABLE KEYS */;
INSERT INTO `users` VALUES (1,'Demo Admin','admin@sahodaya.local','$2y$10$jY61FclJg4qWaDEqVqysS.zl6pbaCQnIKBaadWAc05pYyQ5q1fM.6','admin','active','2026-05-22 08:26:23','2026-05-22 08:26:23'),(2,'School Coordinator','school@sahodaya.local','$2y$10$jY61FclJg4qWaDEqVqysS.zl6pbaCQnIKBaadWAc05pYyQ5q1fM.6','school','active','2026-05-22 08:26:23','2026-05-22 08:26:23'),(3,'Dr. Rupali Dhamdhere','sahodayapune24@gmail.com','$2y$10$CjAq6qjGfdGMHdg6YrsbPulLzpC914AcOxCcI40.a21RP5QTzYPDi','school','active','2026-05-22 08:36:14','2026-05-22 08:42:39'),(4,'Dr.Ashwini Pansare','abhinavpublicschoolcbse@gmail.com','$2y$10$7RetGRjF7X.TUCg8VoI7..ieHnl929ONZRw/Q8OscvZJpeRwC7N2O','school','active','2026-05-22 12:09:22','2026-05-22 12:09:22'),(5,'Ragini Srivastava','afsvnedn@gmail.com','$2y$10$7RetGRjF7X.TUCg8VoI7..ieHnl929ONZRw/Q8OscvZJpeRwC7N2O','school','active','2026-05-22 12:09:22','2026-05-22 12:09:55'),(6,'Mrs. Anita Sharma','apspune01@rediffmail.com','$2y$10$7RetGRjF7X.TUCg8VoI7..ieHnl929ONZRw/Q8OscvZJpeRwC7N2O','school','active','2026-05-22 12:09:22','2026-05-22 12:09:22'),(7,'GEORGE PS','principal.lohegao@bharatividyapeeth.edu','$2y$10$7RetGRjF7X.TUCg8VoI7..ieHnl929ONZRw/Q8OscvZJpeRwC7N2O','school','active','2026-05-22 12:09:22','2026-05-22 12:09:22'),(8,'Dr. Anuradha Iyer','principaldpse18@gmail.com','$2y$10$7RetGRjF7X.TUCg8VoI7..ieHnl929ONZRw/Q8OscvZJpeRwC7N2O','school','active','2026-05-22 12:09:22','2026-05-22 12:09:22'),(9,'Mrs. Sunita Rai','cbsc_kharadi@pdeapune.org','$2y$10$7RetGRjF7X.TUCg8VoI7..ieHnl929ONZRw/Q8OscvZJpeRwC7N2O','school','active','2026-05-22 12:09:22','2026-05-22 12:09:22'),(10,'Abha Singh','gis.principal2025@gmail.com','$2y$10$7RetGRjF7X.TUCg8VoI7..ieHnl929ONZRw/Q8OscvZJpeRwC7N2O','school','active','2026-05-22 12:09:22','2026-05-22 12:09:22'),(11,'Dr.  Preeti Manekar','Gurukoolprincipal@gmail.com','$2y$10$7RetGRjF7X.TUCg8VoI7..ieHnl929ONZRw/Q8OscvZJpeRwC7N2O','school','active','2026-05-22 12:09:22','2026-05-22 12:09:22'),(12,'Sr. Lilly Parambi','holyspiritcbse@gmail.com','$2y$10$7RetGRjF7X.TUCg8VoI7..ieHnl929ONZRw/Q8OscvZJpeRwC7N2O','school','active','2026-05-22 12:09:22','2026-05-22 12:09:22'),(13,'Dr. Dnyaneshwar Gadage','santpithschool@gmai.com','$2y$10$7RetGRjF7X.TUCg8VoI7..ieHnl929ONZRw/Q8OscvZJpeRwC7N2O','school','active','2026-05-22 12:09:22','2026-05-22 12:09:22'),(14,'Mrs. Priya Menon','principalkvps@rediffmail.com','$2y$10$7RetGRjF7X.TUCg8VoI7..ieHnl929ONZRw/Q8OscvZJpeRwC7N2O','school','active','2026-05-22 12:09:22','2026-05-22 12:09:22'),(15,'Mrs Ritika Sudhir Naidu','30594@cbseshiksha.in','$2y$10$7RetGRjF7X.TUCg8VoI7..ieHnl929ONZRw/Q8OscvZJpeRwC7N2O','school','active','2026-05-22 12:09:22','2026-05-22 12:09:22'),(16,'Mrs. Deepali Jugoolkar','pkschool.org@gmail.com','$2y$10$7RetGRjF7X.TUCg8VoI7..ieHnl929ONZRw/Q8OscvZJpeRwC7N2O','school','active','2026-05-22 12:09:22','2026-05-22 12:09:22'),(17,'Simran kour','principal.chakan@podar.org','$2y$10$7RetGRjF7X.TUCg8VoI7..ieHnl929ONZRw/Q8OscvZJpeRwC7N2O','school','active','2026-05-22 12:09:22','2026-05-22 12:09:22'),(18,'Mrs.Archana Karande','principal.saracity@podar.org','$2y$10$7RetGRjF7X.TUCg8VoI7..ieHnl929ONZRw/Q8OscvZJpeRwC7N2O','school','active','2026-05-22 12:09:22','2026-05-22 12:09:22'),(19,'Mrs. Payal Mudaliar','principal.shirur@podar.org','$2y$10$7RetGRjF7X.TUCg8VoI7..ieHnl929ONZRw/Q8OscvZJpeRwC7N2O','school','active','2026-05-22 12:09:22','2026-05-22 12:09:22'),(20,'Mr Munish Sharma','principal.wagholi@podar.org','$2y$10$7RetGRjF7X.TUCg8VoI7..ieHnl929ONZRw/Q8OscvZJpeRwC7N2O','school','active','2026-05-22 12:09:22','2026-05-22 12:09:22'),(21,'Shehanaz Cottar','principal.chinchwad@podar.org','$2y$10$7RetGRjF7X.TUCg8VoI7..ieHnl929ONZRw/Q8OscvZJpeRwC7N2O','school','active','2026-05-22 12:09:22','2026-05-22 12:09:22'),(22,'Mrs. Pratima Joseph','wagholiprincipal@srichaitanyaschool.net','$2y$10$7RetGRjF7X.TUCg8VoI7..ieHnl929ONZRw/Q8OscvZJpeRwC7N2O','school','active','2026-05-22 12:09:22','2026-05-22 12:09:22'),(23,'FR. SUNIL MENEZES, SVD','school@arnoldcentralschool.org','$2y$10$7RetGRjF7X.TUCg8VoI7..ieHnl929ONZRw/Q8OscvZJpeRwC7N2O','school','active','2026-05-22 12:09:22','2026-05-22 12:09:22'),(24,'Mrs. Swati Sunil Randive','vidyavalley.chakan@gmail.com','$2y$10$7RetGRjF7X.TUCg8VoI7..ieHnl929ONZRw/Q8OscvZJpeRwC7N2O','school','active','2026-05-22 12:09:22','2026-05-22 12:09:22'),(25,'Dr Deepali Shirgave','30723@cbseshiksha.in','$2y$10$7RetGRjF7X.TUCg8VoI7..ieHnl929ONZRw/Q8OscvZJpeRwC7N2O','school','active','2026-05-22 12:09:22','2026-05-22 12:09:22'),(26,'Mrs. Pasqueen Kasi','viscbse.shirur@gmail.com','$2y$10$7RetGRjF7X.TUCg8VoI7..ieHnl929ONZRw/Q8OscvZJpeRwC7N2O','school','active','2026-05-22 12:09:22','2026-05-22 12:09:22'),(27,'Mrs. Mary Devdass','maryadevdass@gmail.com','$2y$10$7RetGRjF7X.TUCg8VoI7..ieHnl929ONZRw/Q8OscvZJpeRwC7N2O','school','active','2026-05-22 12:09:22','2026-05-22 12:09:22'),(28,'Mrs. Manisha Choudhary','principal.sps@sinhagad.edu','$2y$10$7RetGRjF7X.TUCg8VoI7..ieHnl929ONZRw/Q8OscvZJpeRwC7N2O','school','active','2026-05-22 12:09:22','2026-05-22 12:09:22'),(29,'Mrs. Mary Devdass','principal@radianceschool.org','$2y$10$7RetGRjF7X.TUCg8VoI7..ieHnl929ONZRw/Q8OscvZJpeRwC7N2O','school','active','2026-05-22 12:09:22','2026-05-22 12:09:22'),(30,'Jyotika Malkani','30804@cbseshiksha.in','$2y$10$7RetGRjF7X.TUCg8VoI7..ieHnl929ONZRw/Q8OscvZJpeRwC7N2O','school','active','2026-05-22 12:09:22','2026-05-22 12:09:22'),(31,'Mrs. Shital Patil','principal@aditya-school.com','$2y$10$7RetGRjF7X.TUCg8VoI7..ieHnl929ONZRw/Q8OscvZJpeRwC7N2O','school','active','2026-05-22 12:09:22','2026-05-22 12:09:22'),(32,'Mrs Anshu Anand','armyschooldighi@gmail.com','$2y$10$7RetGRjF7X.TUCg8VoI7..ieHnl929ONZRw/Q8OscvZJpeRwC7N2O','school','active','2026-05-22 12:09:22','2026-05-22 12:09:22'),(33,'Mrs. Arti Sharma','apskirkee11@gmai.com','$2y$10$7RetGRjF7X.TUCg8VoI7..ieHnl929ONZRw/Q8OscvZJpeRwC7N2O','school','active','2026-05-22 12:09:22','2026-05-22 12:09:22'),(34,'Suvarna Khot','smdypbudsschool1@gmail.com','$2y$10$7RetGRjF7X.TUCg8VoI7..ieHnl929ONZRw/Q8OscvZJpeRwC7N2O','school','active','2026-05-22 12:09:22','2026-05-22 12:09:22'),(35,'Deepa Hemnani','info@cityprideschoolmoshi.org','$2y$10$7RetGRjF7X.TUCg8VoI7..ieHnl929ONZRw/Q8OscvZJpeRwC7N2O','school','active','2026-05-22 12:09:22','2026-05-22 12:09:22'),(36,'Mrs. Urmila Jadhav','rjspmdbis@gmail.com','$2y$10$7RetGRjF7X.TUCg8VoI7..ieHnl929ONZRw/Q8OscvZJpeRwC7N2O','school','active','2026-05-22 12:09:22','2026-05-22 12:09:22'),(37,'Mrs Archana Manglor','dems2005@gmail.com','$2y$10$7RetGRjF7X.TUCg8VoI7..ieHnl929ONZRw/Q8OscvZJpeRwC7N2O','school','active','2026-05-22 12:09:22','2026-05-22 12:09:22'),(38,'Mr. Abhishek Bagchi','ashok.jain@vishwashantiurukul.edu.in','$2y$10$7RetGRjF7X.TUCg8VoI7..ieHnl929ONZRw/Q8OscvZJpeRwC7N2O','school','active','2026-05-22 12:09:22','2026-05-22 12:09:22'),(39,'Ms. Reshma Shaikh','principal.kharadi@es08euroschoolindia.com','$2y$10$7RetGRjF7X.TUCg8VoI7..ieHnl929ONZRw/Q8OscvZJpeRwC7N2O','school','active','2026-05-22 12:09:22','2026-05-22 12:09:22'),(40,'Ms.Divenaa Shardul','principal.ghrpsp@raisoni.net','$2y$10$7RetGRjF7X.TUCg8VoI7..ieHnl929ONZRw/Q8OscvZJpeRwC7N2O','school','active','2026-05-22 12:09:22','2026-05-22 12:09:22'),(41,'Mrs. Jyoti Arde','principal@innovativeschoolchakan.com','$2y$10$7RetGRjF7X.TUCg8VoI7..ieHnl929ONZRw/Q8OscvZJpeRwC7N2O','school','active','2026-05-22 12:09:22','2026-05-22 12:09:22'),(42,'Mr.Vikash Choudhary','jisinfo.school@gmail.com','$2y$10$7RetGRjF7X.TUCg8VoI7..ieHnl929ONZRw/Q8OscvZJpeRwC7N2O','school','active','2026-05-22 12:09:22','2026-05-22 12:09:22'),(43,'Mrs. Ishita Ghoshal','principal@kispune.com','$2y$10$7RetGRjF7X.TUCg8VoI7..ieHnl929ONZRw/Q8OscvZJpeRwC7N2O','school','active','2026-05-22 12:09:22','2026-05-22 12:09:22'),(44,'Mrs. Swati Kharde','littleflowerschool@rediffmail.com','$2y$10$7RetGRjF7X.TUCg8VoI7..ieHnl929ONZRw/Q8OscvZJpeRwC7N2O','school','active','2026-05-22 12:09:22','2026-05-22 12:09:22'),(45,'Mrs. Vidya Kalbhor','kalbhorvidya@gmail.com','$2y$10$7RetGRjF7X.TUCg8VoI7..ieHnl929ONZRw/Q8OscvZJpeRwC7N2O','school','active','2026-05-22 12:09:22','2026-05-22 12:09:22'),(46,'MOUNT LITERA ZEE SCHOOL WAGHOLI','info@mountliterazeepune.com','$2y$10$7RetGRjF7X.TUCg8VoI7..ieHnl929ONZRw/Q8OscvZJpeRwC7N2O','school','active','2026-05-22 12:09:22','2026-05-22 12:09:22'),(47,'Dr. Kavita K Roy','principal@oxfordworldschool.com','$2y$10$7RetGRjF7X.TUCg8VoI7..ieHnl929ONZRw/Q8OscvZJpeRwC7N2O','school','active','2026-05-22 12:09:22','2026-05-22 12:09:22'),(48,'Maria Rodricks','principal@phoenixworldschool.com','$2y$10$7RetGRjF7X.TUCg8VoI7..ieHnl929ONZRw/Q8OscvZJpeRwC7N2O','school','active','2026-05-22 12:09:22','2026-05-22 12:09:22'),(49,'Ms. Minal Vaidya','admin.manjri@podar.org','$2y$10$7RetGRjF7X.TUCg8VoI7..ieHnl929ONZRw/Q8OscvZJpeRwC7N2O','school','active','2026-05-22 12:09:22','2026-05-22 12:09:22'),(50,'Mrs.Swati Lokhande','pravarapcps@gmail.com','$2y$10$7RetGRjF7X.TUCg8VoI7..ieHnl929ONZRw/Q8OscvZJpeRwC7N2O','school','active','2026-05-22 12:09:22','2026-05-22 12:09:22'),(51,'Mrs.Suhas Tohgaonkar','principal@jspmpps.edu.in','$2y$10$7RetGRjF7X.TUCg8VoI7..ieHnl929ONZRw/Q8OscvZJpeRwC7N2O','school','active','2026-05-22 12:09:22','2026-05-22 12:09:22'),(52,'Hema Sharma','30906@cbseshiksha.in','$2y$10$7RetGRjF7X.TUCg8VoI7..ieHnl929ONZRw/Q8OscvZJpeRwC7N2O','school','active','2026-05-22 12:09:22','2026-05-22 12:09:22'),(53,'Mrs.Mital Shah','rklgisprincipal@gmail.com','$2y$10$7RetGRjF7X.TUCg8VoI7..ieHnl929ONZRw/Q8OscvZJpeRwC7N2O','school','active','2026-05-22 12:09:22','2026-05-22 12:09:22'),(54,'Dr SUVARNA DESHPANDE','info@sanskritischoolpune.com','$2y$10$7RetGRjF7X.TUCg8VoI7..ieHnl929ONZRw/Q8OscvZJpeRwC7N2O','school','active','2026-05-22 12:09:22','2026-05-22 12:09:22'),(55,'Kiran Singh','shivavalleyschool@gmail.com','$2y$10$7RetGRjF7X.TUCg8VoI7..ieHnl929ONZRw/Q8OscvZJpeRwC7N2O','school','active','2026-05-22 12:09:22','2026-05-22 12:09:22'),(56,'Medha Jogalekar','principalsnbpskeshavnagar@gmail.com','$2y$10$7RetGRjF7X.TUCg8VoI7..ieHnl929ONZRw/Q8OscvZJpeRwC7N2O','school','active','2026-05-22 12:09:22','2026-05-22 12:09:22'),(57,'Mrs. Swati Ambre','swatiambre85@gmail.com','$2y$10$7RetGRjF7X.TUCg8VoI7..ieHnl929ONZRw/Q8OscvZJpeRwC7N2O','school','active','2026-05-22 12:09:22','2026-05-22 12:09:22'),(58,'Mrs. Anju Luthra','anjuluthra@gmail.com','$2y$10$7RetGRjF7X.TUCg8VoI7..ieHnl929ONZRw/Q8OscvZJpeRwC7N2O','school','active','2026-05-22 12:09:22','2026-05-22 12:09:22'),(59,'Mrs. Reshma Shaikh','ptlis@lexiconedu.in','$2y$10$7RetGRjF7X.TUCg8VoI7..ieHnl929ONZRw/Q8OscvZJpeRwC7N2O','school','active','2026-05-22 12:09:22','2026-05-22 12:09:22'),(60,'Ms. Farida Harianawala','info.pune1@theorbisschool.com','$2y$10$7RetGRjF7X.TUCg8VoI7..ieHnl929ONZRw/Q8OscvZJpeRwC7N2O','school','active','2026-05-22 12:09:22','2026-05-22 12:09:22'),(61,'Mrs. Mrunmai Mahendra Vaidya','venusworldschools@gmail.com','$2y$10$7RetGRjF7X.TUCg8VoI7..ieHnl929ONZRw/Q8OscvZJpeRwC7N2O','school','active','2026-05-22 12:09:22','2026-05-22 12:09:22'),(62,'Candice Braganza','contact@vpmslohegaon.org','$2y$10$7RetGRjF7X.TUCg8VoI7..ieHnl929ONZRw/Q8OscvZJpeRwC7N2O','school','active','2026-05-22 12:09:22','2026-05-22 12:09:22'),(63,'Jayashri Vishnu Tangtode','vjinternationalschool@gmail.com','$2y$10$7RetGRjF7X.TUCg8VoI7..ieHnl929ONZRw/Q8OscvZJpeRwC7N2O','school','active','2026-05-22 12:09:22','2026-05-22 12:09:22'),(64,'Ms. Pramodini Gulhane','aaryansworldschool@gmail.com','$2y$10$7RetGRjF7X.TUCg8VoI7..ieHnl929ONZRw/Q8OscvZJpeRwC7N2O','school','active','2026-05-22 12:09:22','2026-05-22 12:09:22'),(65,'Meera Nair','principal@amanoraschool.edu.in','$2y$10$7RetGRjF7X.TUCg8VoI7..ieHnl929ONZRw/Q8OscvZJpeRwC7N2O','school','active','2026-05-22 12:09:22','2026-05-22 12:09:22'),(66,'Kajal Somai','cesdrcspoonawallaschool@gmail.com','$2y$10$7RetGRjF7X.TUCg8VoI7..ieHnl929ONZRw/Q8OscvZJpeRwC7N2O','school','active','2026-05-22 12:09:22','2026-05-22 12:09:22'),(67,'Dr. D. lakshmi Prasanna','principal.hadapsar@globalindiaschool.org','$2y$10$7RetGRjF7X.TUCg8VoI7..ieHnl929ONZRw/Q8OscvZJpeRwC7N2O','school','active','2026-05-22 12:09:22','2026-05-22 12:09:22'),(68,'Mrs. Divya Puri','principal@heliosedu.in','$2y$10$7RetGRjF7X.TUCg8VoI7..ieHnl929ONZRw/Q8OscvZJpeRwC7N2O','school','active','2026-05-22 12:09:22','2026-05-22 12:09:22'),(69,'Mrs. Supriya Srivastava','innoveraschools@gmail.com','$2y$10$7RetGRjF7X.TUCg8VoI7..ieHnl929ONZRw/Q8OscvZJpeRwC7N2O','school','active','2026-05-22 12:09:22','2026-05-22 12:09:22'),(70,'Mrs Moushumi Chowdhury','principal@jspmjps.edu.in','$2y$10$7RetGRjF7X.TUCg8VoI7..ieHnl929ONZRw/Q8OscvZJpeRwC7N2O','school','active','2026-05-22 12:09:22','2026-05-22 12:09:22'),(71,'MRS. Pragati P. Salvekar','kungirschool@gmail.com','$2y$10$7RetGRjF7X.TUCg8VoI7..ieHnl929ONZRw/Q8OscvZJpeRwC7N2O','school','active','2026-05-22 12:09:22','2026-05-22 12:09:22'),(72,'Dr. Sandeep Khanna','principal.vgsloni@mitvgschools.edu.in','$2y$10$7RetGRjF7X.TUCg8VoI7..ieHnl929ONZRw/Q8OscvZJpeRwC7N2O','school','active','2026-05-22 12:09:22','2026-05-22 12:09:22'),(73,'Mrs.Pradhnya Gokhale','principalkns@gmail.com','$2y$10$7RetGRjF7X.TUCg8VoI7..ieHnl929ONZRw/Q8OscvZJpeRwC7N2O','school','active','2026-05-22 12:09:22','2026-05-22 12:09:22'),(74,'Mrs. lakmichya Pawar','misprincipal2016@gmail.com','$2y$10$7RetGRjF7X.TUCg8VoI7..ieHnl929ONZRw/Q8OscvZJpeRwC7N2O','school','active','2026-05-22 12:09:22','2026-05-22 12:09:22'),(75,'Mrs.Khurana Manuja','nalanda.manchar@gmail.com','$2y$10$7RetGRjF7X.TUCg8VoI7..ieHnl929ONZRw/Q8OscvZJpeRwC7N2O','school','active','2026-05-22 12:09:22','2026-05-22 12:09:22'),(76,'Mrs. Varsha Phukane','info@rimsint.in','$2y$10$7RetGRjF7X.TUCg8VoI7..ieHnl929ONZRw/Q8OscvZJpeRwC7N2O','school','active','2026-05-22 12:09:22','2026-05-22 12:09:22'),(77,'Mrs Neelam Dehulia','Successschool77@gmail.com','$2y$10$7RetGRjF7X.TUCg8VoI7..ieHnl929ONZRw/Q8OscvZJpeRwC7N2O','school','active','2026-05-22 12:09:22','2026-05-22 12:09:22'),(78,'Mrs Vineeta Arora','Info@thevatsalyaschool.org','$2y$10$7RetGRjF7X.TUCg8VoI7..ieHnl929ONZRw/Q8OscvZJpeRwC7N2O','school','active','2026-05-22 12:09:22','2026-05-22 12:09:22'),(79,'Mrs. K.A Barawkar','principal.nbvmp@vidyapratishthan.com','$2y$10$7RetGRjF7X.TUCg8VoI7..ieHnl929ONZRw/Q8OscvZJpeRwC7N2O','school','active','2026-05-22 12:09:22','2026-05-22 12:09:22'),(80,'Mrs. Priya Kapil','principal@vistraworldschool.org','$2y$10$7RetGRjF7X.TUCg8VoI7..ieHnl929ONZRw/Q8OscvZJpeRwC7N2O','school','active','2026-05-22 12:09:22','2026-05-22 12:09:22'),(81,'Insia Nasikwala','insia20@gmail.com','$2y$10$7RetGRjF7X.TUCg8VoI7..ieHnl929ONZRw/Q8OscvZJpeRwC7N2O','school','active','2026-05-22 12:09:22','2026-05-22 12:09:22'),(82,'Dr. Rupali Dhamdhere','principal.kjeitis@gmail.com','$2y$10$7RetGRjF7X.TUCg8VoI7..ieHnl929ONZRw/Q8OscvZJpeRwC7N2O','school','active','2026-05-22 12:09:22','2026-05-22 12:09:22'),(84,'Khushboo Singh','aems.principal@gmail.com','$2y$10$7RetGRjF7X.TUCg8VoI7..ieHnl929ONZRw/Q8OscvZJpeRwC7N2O','school','active','2026-05-22 12:09:22','2026-05-22 12:09:22'),(85,'Mrs. Aditi Mukharjee','aditi.mukherjee@billbonghighschool.com','$2y$10$7RetGRjF7X.TUCg8VoI7..ieHnl929ONZRw/Q8OscvZJpeRwC7N2O','school','active','2026-05-22 12:09:22','2026-05-22 12:09:22'),(86,'Vaijayanta Patil','30224@cbseshiksha.in','$2y$10$7RetGRjF7X.TUCg8VoI7..ieHnl929ONZRw/Q8OscvZJpeRwC7N2O','school','active','2026-05-22 12:09:22','2026-05-22 12:09:22'),(87,'Mrs Archana Kshirsagar','wanowrie@cityinternstionalschool.edu.in','$2y$10$7RetGRjF7X.TUCg8VoI7..ieHnl929ONZRw/Q8OscvZJpeRwC7N2O','school','active','2026-05-22 12:09:22','2026-05-22 12:09:22'),(88,'CLARA GLOBAL SCHOOL','principal@claraschool.com','$2y$10$7RetGRjF7X.TUCg8VoI7..ieHnl929ONZRw/Q8OscvZJpeRwC7N2O','school','active','2026-05-22 12:09:22','2026-05-22 12:09:22'),(89,'Mrs Rani Thomas','principal.undri@cagschool.com','$2y$10$7RetGRjF7X.TUCg8VoI7..ieHnl929ONZRw/Q8OscvZJpeRwC7N2O','school','active','2026-05-22 12:09:23','2026-05-22 12:09:23'),(90,'Mrs Kalpana Nilakhe','principal@jspmcps.edu.in','$2y$10$7RetGRjF7X.TUCg8VoI7..ieHnl929ONZRw/Q8OscvZJpeRwC7N2O','school','active','2026-05-22 12:09:23','2026-05-22 12:09:23'),(91,'Sharada Rao','info.undri@dhruv.eu.in','$2y$10$7RetGRjF7X.TUCg8VoI7..ieHnl929ONZRw/Q8OscvZJpeRwC7N2O','school','active','2026-05-22 12:09:23','2026-05-22 12:09:23'),(92,'Amita Singh','info@dpspune.com','$2y$10$7RetGRjF7X.TUCg8VoI7..ieHnl929ONZRw/Q8OscvZJpeRwC7N2O','school','active','2026-05-22 12:09:23','2026-05-22 12:09:23'),(93,'Mr.Prakash Bapkar','ddgcbseschool@gmail.com','$2y$10$7RetGRjF7X.TUCg8VoI7..ieHnl929ONZRw/Q8OscvZJpeRwC7N2O','school','active','2026-05-22 12:09:23','2026-05-22 12:09:23'),(94,'Mrs. Vrinda Joshi','drkadamgurukul.indapur@gmail.com','$2y$10$7RetGRjF7X.TUCg8VoI7..ieHnl929ONZRw/Q8OscvZJpeRwC7N2O','school','active','2026-05-22 12:09:23','2026-05-22 12:09:23'),(95,'Dr. S. K Sanyal','principaldirector@evolvehighschool.com','$2y$10$7RetGRjF7X.TUCg8VoI7..ieHnl929ONZRw/Q8OscvZJpeRwC7N2O','school','active','2026-05-22 12:09:23','2026-05-22 12:09:23'),(96,'Mrs. Varsha Phukane','30881@cbseshiksha.in','$2y$10$7RetGRjF7X.TUCg8VoI7..ieHnl929ONZRw/Q8OscvZJpeRwC7N2O','school','active','2026-05-22 12:09:23','2026-05-22 12:09:23'),(97,'MAHAVIR ENGLISH MEDIUM SCHOOL','memspune@gmail.com','$2y$10$7RetGRjF7X.TUCg8VoI7..ieHnl929ONZRw/Q8OscvZJpeRwC7N2O','school','active','2026-05-22 12:09:23','2026-05-22 12:09:23'),(98,'Dr Anjali Gurjar','principal@ppsnandedcity.com','$2y$10$7RetGRjF7X.TUCg8VoI7..ieHnl929ONZRw/Q8OscvZJpeRwC7N2O','school','active','2026-05-22 12:09:23','2026-05-22 12:09:23'),(99,'Mrs. Prajakta Bhide','principal@pgkmschool.org','$2y$10$7RetGRjF7X.TUCg8VoI7..ieHnl929ONZRw/Q8OscvZJpeRwC7N2O','school','active','2026-05-22 12:09:23','2026-05-22 12:09:23'),(100,'Anagha Gholap','pisambegaon.info@podar.org','$2y$10$7RetGRjF7X.TUCg8VoI7..ieHnl929ONZRw/Q8OscvZJpeRwC7N2O','school','active','2026-05-22 12:09:23','2026-05-22 12:09:23'),(101,'Ms. Swati Kanase','principal.daund@podar.org','$2y$10$7RetGRjF7X.TUCg8VoI7..ieHnl929ONZRw/Q8OscvZJpeRwC7N2O','school','active','2026-05-22 12:09:23','2026-05-22 12:09:23'),(102,'Arvind Kumar Singh','admin.hadapsar@podar.org','$2y$10$7RetGRjF7X.TUCg8VoI7..ieHnl929ONZRw/Q8OscvZJpeRwC7N2O','school','active','2026-05-22 12:09:23','2026-05-22 12:09:23'),(103,'Mr.Rajendra Hanumant Sargar','principal@jbvpeducation.org','$2y$10$7RetGRjF7X.TUCg8VoI7..ieHnl929ONZRw/Q8OscvZJpeRwC7N2O','school','active','2026-05-22 12:09:23','2026-05-22 12:09:23'),(104,'Anagha Phadke','admin@sanskritischoolpune.in','$2y$10$7RetGRjF7X.TUCg8VoI7..ieHnl929ONZRw/Q8OscvZJpeRwC7N2O','school','active','2026-05-22 12:09:23','2026-05-22 12:09:23'),(105,'Avishek Kumar Singh','cbse@adtbaramati.com','$2y$10$7RetGRjF7X.TUCg8VoI7..ieHnl929ONZRw/Q8OscvZJpeRwC7N2O','school','active','2026-05-22 12:09:23','2026-05-22 12:09:23'),(106,'Mrs.Joya Adhikari','prin.scs_ps@sinhgad.edu','$2y$10$7RetGRjF7X.TUCg8VoI7..ieHnl929ONZRw/Q8OscvZJpeRwC7N2O','school','active','2026-05-22 12:09:23','2026-05-22 12:09:23'),(107,'Mr. Smita Sawant','principal.ssdps@sinhgad.edu','$2y$10$7RetGRjF7X.TUCg8VoI7..ieHnl929ONZRw/Q8OscvZJpeRwC7N2O','school','active','2026-05-22 12:09:23','2026-05-22 12:09:23'),(108,'Mrs. Shital Sapkal','principal.ssdsn@sinhgad.edu','$2y$10$7RetGRjF7X.TUCg8VoI7..ieHnl929ONZRw/Q8OscvZJpeRwC7N2O','school','active','2026-05-22 12:09:23','2026-05-22 12:09:23'),(109,'Dr. Amruta Prabhu','principal.pune@thehdfcschool.com','$2y$10$7RetGRjF7X.TUCg8VoI7..ieHnl929ONZRw/Q8OscvZJpeRwC7N2O','school','active','2026-05-22 12:09:23','2026-05-22 12:09:23'),(110,'Nirmal Waddan','info@thekalyanischool.com','$2y$10$7RetGRjF7X.TUCg8VoI7..ieHnl929ONZRw/Q8OscvZJpeRwC7N2O','school','active','2026-05-22 12:09:23','2026-05-22 12:09:23'),(111,'Mrs. Manisha Navayath','hmtls@lexiconedu.in','$2y$10$7RetGRjF7X.TUCg8VoI7..ieHnl929ONZRw/Q8OscvZJpeRwC7N2O','school','active','2026-05-22 12:09:23','2026-05-22 12:09:23'),(112,'Mrs. Shraddha Yerolkar','tmvidyakayaprincipal@gmail.com','$2y$10$7RetGRjF7X.TUCg8VoI7..ieHnl929ONZRw/Q8OscvZJpeRwC7N2O','school','active','2026-05-22 12:09:23','2026-05-22 12:09:23'),(113,'Radha Kore','principal.vpems@vidyapratishthan.com','$2y$10$7RetGRjF7X.TUCg8VoI7..ieHnl929ONZRw/Q8OscvZJpeRwC7N2O','school','active','2026-05-22 12:09:23','2026-05-22 12:09:23'),(114,'Yashaswini Trimbakrao Nigade','vpdcps@vidyapratishthan.com','$2y$10$7RetGRjF7X.TUCg8VoI7..ieHnl929ONZRw/Q8OscvZJpeRwC7N2O','school','active','2026-05-22 12:09:23','2026-05-22 12:09:23'),(115,'Jyoti Jagtap','vpiems@gmail.com','$2y$10$7RetGRjF7X.TUCg8VoI7..ieHnl929ONZRw/Q8OscvZJpeRwC7N2O','school','active','2026-05-22 12:09:23','2026-05-22 12:09:23'),(116,'Sachin Pathak','principal.vpsems@vidyapratishthan.com','$2y$10$7RetGRjF7X.TUCg8VoI7..ieHnl929ONZRw/Q8OscvZJpeRwC7N2O','school','active','2026-05-22 12:09:23','2026-05-22 12:09:23'),(117,'Sahana Arif','verfpune@gmail.com','$2y$10$7RetGRjF7X.TUCg8VoI7..ieHnl929ONZRw/Q8OscvZJpeRwC7N2O','school','active','2026-05-22 12:09:23','2026-05-22 12:09:23'),(118,'Prachiti Tajne','feedback@walnutedu.in','$2y$10$7RetGRjF7X.TUCg8VoI7..ieHnl929ONZRw/Q8OscvZJpeRwC7N2O','school','active','2026-05-22 12:09:23','2026-05-22 12:09:23'),(119,'Ms. Lakshmi P. Gounder','stxaviersprincipal01@gmail.com','$2y$10$7RetGRjF7X.TUCg8VoI7..ieHnl929ONZRw/Q8OscvZJpeRwC7N2O','school','active','2026-05-22 12:09:23','2026-05-22 12:09:23'),(120,'Mrs Rakhi Mathur','anekanteme@gmail.com','$2y$10$xcIdic3MCVDXnTfIk146De5a5GDkyAC3wlmkoOG5gzHT7G4KPouM.','school','active','2026-05-22 12:09:55','2026-05-22 12:09:55'),(123,'Dummy Principal','dummy-renewal-test@sahodaya.local','$2y$10$MObVBaZLQINLrV9QFXPMjefIo3BzWbJv52y0IZ7kUAjdoIJMmlFpW','school','active','2026-05-28 10:43:43','2026-05-28 10:47:58');
/*!40000 ALTER TABLE `users` ENABLE KEYS */;
UNLOCK TABLES;

--
-- Table structure for table `website_settings`
--

DROP TABLE IF EXISTS `website_settings`;
/*!40101 SET @saved_cs_client     = @@character_set_client */;
/*!40101 SET character_set_client = utf8 */;
CREATE TABLE `website_settings` (
  `id` int(10) unsigned NOT NULL AUTO_INCREMENT,
  `setting_key` varchar(120) NOT NULL,
  `setting_value` text DEFAULT NULL,
  `updated_at` timestamp NOT NULL DEFAULT current_timestamp() ON UPDATE current_timestamp(),
  PRIMARY KEY (`id`),
  UNIQUE KEY `setting_key` (`setting_key`)
) ENGINE=InnoDB DEFAULT CHARSET=utf8mb4 COLLATE=utf8mb4_unicode_ci;
/*!40101 SET character_set_client = @saved_cs_client */;

--
-- Dumping data for table `website_settings`
--

LOCK TABLES `website_settings` WRITE;
/*!40000 ALTER TABLE `website_settings` DISABLE KEYS */;
INSERT INTO `website_settings` VALUES (1,'site_name','Sahodaya Schools Complex','2026-05-22 08:26:23'),(2,'notification_email','info@sahodaya.org','2026-05-22 08:26:23'),(3,'sms_enabled','0','2026-05-22 08:26:23'),(4,'home_banner','{\"kicker\":\"Global School Association\",\"title_line_1\":\"Cultivating Merit through\",\"title_line_2\":\"Institutional Excellence\",\"description\":\"Empowering educational leaders, administrators, and students with a unified portal for governance, resource sharing, and professional growth.\",\"primary_button_label\":\"Apply for Membership\",\"primary_button_url\":\"/sahodaya/public/pages/contact.php\",\"secondary_button_label\":\"View Schools\",\"secondary_button_url\":\"/sahodaya/public/pages/schools.php\",\"slides\":[\"https://images.unsplash.com/photo-1551836022-d5d88e9218df?auto=format&fit=crop&w=1100&q=80\",\"https://images.unsplash.com/photo-1523580846011-d3a5bc25702b?auto=format&fit=crop&w=1100&q=80\",\"https://images.unsplash.com/photo-1517048676732-d65bc937f952?auto=format&fit=crop&w=1100&q=80\"]}','2026-05-27 12:06:53');
/*!40000 ALTER TABLE `website_settings` ENABLE KEYS */;
UNLOCK TABLES;

--
-- Current Database: `sahodaya_db`
--

USE `sahodaya_db`;

--
-- Final view structure for view `school_member_details`
--

/*!50001 DROP VIEW IF EXISTS `school_member_details`*/;
/*!50001 SET @saved_cs_client          = @@character_set_client */;
/*!50001 SET @saved_cs_results         = @@character_set_results */;
/*!50001 SET @saved_col_connection     = @@collation_connection */;
/*!50001 SET character_set_client      = utf8mb4 */;
/*!50001 SET character_set_results     = utf8mb4 */;
/*!50001 SET collation_connection      = utf8mb4_general_ci */;
/*!50001 CREATE ALGORITHM=UNDEFINED */
/*!50013 DEFINER=`root`@`localhost` SQL SECURITY DEFINER */
/*!50001 VIEW `school_member_details` AS select `s`.`id` AS `id`,`s`.`zone` AS `zone`,`s`.`school_name` AS `school_name`,`s`.`affiliation_no` AS `affiliation_no`,`s`.`principal_name` AS `principal_name`,`s`.`email` AS `email`,`s`.`phone` AS `phone`,`s`.`city` AS `city`,`s`.`area` AS `area`,`s`.`website` AS `website`,`s`.`shiksha_email` AS `shiksha_email`,`s`.`address` AS `address`,`s`.`logo_path` AS `logo_path`,`s`.`logo_code` AS `logo_code`,`s`.`status` AS `status`,`s`.`membership_type` AS `membership_type`,`s`.`approved_at` AS `approved_at`,`s`.`membership_expires_at` AS `membership_expires_at`,`p`.`amount` AS `payment_amount`,`p`.`payment_method` AS `payment_method`,`p`.`transaction_id` AS `transaction_id`,`p`.`payment_status` AS `payment_status`,`p`.`paid_at` AS `paid_at`,`u`.`email` AS `login_email`,`u`.`status` AS `login_status` from ((`schools` `s` left join `users` `u` on(`u`.`id` = `s`.`user_id`)) left join `payments` `p` on(`p`.`school_id` = `s`.`id` and `p`.`payment_type` = 'Membership Fees')) */;
/*!50001 SET character_set_client      = @saved_cs_client */;
/*!50001 SET character_set_results     = @saved_cs_results */;
/*!50001 SET collation_connection      = @saved_col_connection */;
/*!40103 SET TIME_ZONE=@OLD_TIME_ZONE */;

/*!40101 SET SQL_MODE=@OLD_SQL_MODE */;
/*!40014 SET FOREIGN_KEY_CHECKS=@OLD_FOREIGN_KEY_CHECKS */;
/*!40014 SET UNIQUE_CHECKS=@OLD_UNIQUE_CHECKS */;
/*!40101 SET CHARACTER_SET_CLIENT=@OLD_CHARACTER_SET_CLIENT */;
/*!40101 SET CHARACTER_SET_RESULTS=@OLD_CHARACTER_SET_RESULTS */;
/*!40101 SET COLLATION_CONNECTION=@OLD_COLLATION_CONNECTION */;
/*!40111 SET SQL_NOTES=@OLD_SQL_NOTES */;

-- Dump completed on 2026-05-30 10:25:37
